[INFO] Final PATH variable: /foss/tools/bin:/foss/tools/sak:/usr/local/sbin:/usr/local/sbin:/usr/local/bin:/usr/sbin:/usr/bin:/sbin:/bin:/foss/tools/kactus2:/foss/tools/klayout:/foss/tools/osic-multitool
[INFO] Final PYTHONPATH variable: /usr/lib/python312.zip:/usr/lib/python3.12:/usr/lib/python3.12/lib-dynload:/usr/local/lib/python3.12/dist-packages:/usr/lib/python3/dist-packages:/foss/tools/ngspyce/local/lib/python3.12/dist-packages:/foss/tools/openems/local/lib/python3.12/dist-packages:/foss/tools/yosys/share/yosys/python3:/foss/tools/klayout/pymod
10-Sep-2026 14:30:29 | INFO    | KLayout version detected: 0.30.5 (required >= 0.30.5)
10-Sep-2026 14:30:29 | INFO    | Using DRC JSON file: /work/upstream/ihp-open-pdk/ihp-sg13g2/libs.tech/klayout/python/sg13g2_pycell_lib/sg13g2_tech_mod.json
10-Sep-2026 14:30:29 | INFO    | Running IHP-SG13G2 main checks on design /work/runs/ihp-io-physical-20260910-001/geometry/sg13g2_IOPadInOut30mA.gds, topcell: sg13g2_IOPadInOut30mA
2026-09-10 14:30:31 +0200: Memory Usage (439520K) : Starting running IHP-SG13G2 KLayout DRC runset on /work/runs/ihp-io-physical-20260910-001/geometry/sg13g2_IOPadInOut30mA.gds
2026-09-10 14:30:31 +0200: Memory Usage (439520K) : Ruby Version for klayout: 3.2.3
2026-09-10 14:30:31 +0200: Memory Usage (441824K) : Loading database to memory is complete.
2026-09-10 14:30:31 +0200: Memory Usage (441824K) : IHP-SG13G2 KLayout DRC runset output at: /output/sg13g2_IOPadInOut30mA_sg13g2_IOPadInOut30mA_main.lyrdb
2026-09-10 14:30:31 +0200: Memory Usage (441824K) : Evaluate switches.
2026-09-10 14:30:31 +0200: Memory Usage (441824K) : tables selected: main
2026-09-10 14:30:31 +0200: Memory Usage (441824K) : KLayout will use 1 thread(s) in tiling mode.
2026-09-10 14:30:31 +0200: Memory Usage (441824K) : deep mode is enabled.
2026-09-10 14:30:31 +0200: Memory Usage (441824K) : FEOL enabled: true
2026-09-10 14:30:31 +0200: Memory Usage (441952K) : BEOL enabled: true
2026-09-10 14:30:31 +0200: Memory Usage (441952K) : OFFGRID enabled: true
2026-09-10 14:30:31 +0200: Memory Usage (441952K) : ANGLE enabled: true
2026-09-10 14:30:31 +0200: Memory Usage (441952K) : PIN enabled: true
2026-09-10 14:30:31 +0200: Memory Usage (441952K) : FORBIDDEN enabled: true
2026-09-10 14:30:31 +0200: Memory Usage (441952K) : RECOMMENDED enabled: true
2026-09-10 14:30:31 +0200: Memory Usage (441952K) : PreCheck DRC enabled: false
2026-09-10 14:30:31 +0200: Memory Usage (441952K) : CONNECTIVITY_RULES enabled: true.
2026-09-10 14:30:31 +0200: Memory Usage (441952K) : Read in polygons from layers.
2026-09-10 14:30:31 +0200: Memory Usage (443272K) : activ_drw has 113 polygons
2026-09-10 14:30:31 +0200: Memory Usage (443272K) : activ_pin has 0 polygons
2026-09-10 14:30:31 +0200: Memory Usage (443272K) : activ_mask has 0 polygons
2026-09-10 14:30:31 +0200: Memory Usage (443272K) : activ_filler has 0 polygons
2026-09-10 14:30:31 +0200: Memory Usage (443272K) : activ_nofill has 0 polygons
2026-09-10 14:30:31 +0200: Memory Usage (443272K) : activ_opc has 0 polygons
2026-09-10 14:30:31 +0200: Memory Usage (443272K) : activ_iopc has 0 polygons
2026-09-10 14:30:31 +0200: Memory Usage (443272K) : activ_noqrc has 0 polygons
2026-09-10 14:30:31 +0200: Memory Usage (443272K) : biwind_drw has 0 polygons
2026-09-10 14:30:31 +0200: Memory Usage (443400K) : biwind_opc has 0 polygons
2026-09-10 14:30:31 +0200: Memory Usage (443400K) : pemwind_drw has 0 polygons
2026-09-10 14:30:31 +0200: Memory Usage (443528K) : gatpoly_drw has 69 polygons
2026-09-10 14:30:31 +0200: Memory Usage (443528K) : gatpoly_pin has 6 polygons
2026-09-10 14:30:31 +0200: Memory Usage (443656K) : gatpoly_filler has 0 polygons
2026-09-10 14:30:31 +0200: Memory Usage (443656K) : gatpoly_nofill has 0 polygons
2026-09-10 14:30:31 +0200: Memory Usage (443784K) : gatpoly_opc has 0 polygons
2026-09-10 14:30:31 +0200: Memory Usage (443784K) : gatpoly_iopc has 0 polygons
2026-09-10 14:30:31 +0200: Memory Usage (443784K) : gatpoly_noqrc has 0 polygons
2026-09-10 14:30:31 +0200: Memory Usage (444936K) : cont_drw has 47016 polygons
2026-09-10 14:30:31 +0200: Memory Usage (444936K) : cont_opc has 0 polygons
2026-09-10 14:30:31 +0200: Memory Usage (444936K) : nsd_drw has 0 polygons
2026-09-10 14:30:31 +0200: Memory Usage (444936K) : nsd_block has 0 polygons
2026-09-10 14:30:31 +0200: Memory Usage (445064K) : metal1_drw has 393 polygons
2026-09-10 14:30:31 +0200: Memory Usage (445064K) : metal1_pin has 57 polygons
2026-09-10 14:30:31 +0200: Memory Usage (445064K) : metal1_mask has 0 polygons
2026-09-10 14:30:31 +0200: Memory Usage (445064K) : metal1_filler has 0 polygons
2026-09-10 14:30:31 +0200: Memory Usage (445064K) : metal1_nofill has 0 polygons
2026-09-10 14:30:31 +0200: Memory Usage (445064K) : metal1_slit has 0 polygons
2026-09-10 14:30:31 +0200: Memory Usage (445320K) : metal1_text has 47 polygons
2026-09-10 14:30:31 +0200: Memory Usage (445320K) : metal1_opc has 0 polygons
2026-09-10 14:30:31 +0200: Memory Usage (445320K) : metal1_noqrc has 0 polygons
2026-09-10 14:30:31 +0200: Memory Usage (445448K) : metal1_res has 0 polygons
2026-09-10 14:30:31 +0200: Memory Usage (445448K) : metal1_iprobe has 0 polygons
2026-09-10 14:30:31 +0200: Memory Usage (445448K) : metal1_diffprb has 0 polygons
2026-09-10 14:30:31 +0200: Memory Usage (445448K) : passiv_drw has 0 polygons
2026-09-10 14:30:31 +0200: Memory Usage (445576K) : passiv_pin has 0 polygons
2026-09-10 14:30:31 +0200: Memory Usage (445576K) : passiv_sbump has 0 polygons
2026-09-10 14:30:31 +0200: Memory Usage (445576K) : passiv_pillar has 0 polygons
2026-09-10 14:30:31 +0200: Memory Usage (445704K) : passiv_pdl has 0 polygons
2026-09-10 14:30:31 +0200: Memory Usage (445832K) : metal2_drw has 113 polygons
2026-09-10 14:30:31 +0200: Memory Usage (445960K) : metal2_pin has 36 polygons
2026-09-10 14:30:31 +0200: Memory Usage (445960K) : metal2_mask has 0 polygons
2026-09-10 14:30:31 +0200: Memory Usage (446088K) : metal2_filler has 0 polygons
2026-09-10 14:30:31 +0200: Memory Usage (446088K) : metal2_nofill has 0 polygons
2026-09-10 14:30:31 +0200: Memory Usage (446088K) : metal2_slit has 0 polygons
2026-09-10 14:30:31 +0200: Memory Usage (446216K) : metal2_text has 35 polygons
2026-09-10 14:30:31 +0200: Memory Usage (446216K) : metal2_opc has 0 polygons
2026-09-10 14:30:31 +0200: Memory Usage (446344K) : metal2_noqrc has 0 polygons
2026-09-10 14:30:31 +0200: Memory Usage (446472K) : metal2_res has 0 polygons
2026-09-10 14:30:31 +0200: Memory Usage (446472K) : metal2_iprobe has 0 polygons
2026-09-10 14:30:31 +0200: Memory Usage (446600K) : metal2_diffprb has 0 polygons
2026-09-10 14:30:31 +0200: Memory Usage (446600K) : baspoly_drw has 0 polygons
2026-09-10 14:30:31 +0200: Memory Usage (446728K) : baspoly_pin has 0 polygons
2026-09-10 14:30:31 +0200: Memory Usage (446728K) : psd_drw has 46 polygons
2026-09-10 14:30:31 +0200: Memory Usage (446728K) : nldb_drw has 0 polygons
2026-09-10 14:30:31 +0200: Memory Usage (446856K) : digibnd_drw has 0 polygons
2026-09-10 14:30:31 +0200: Memory Usage (446856K) : via1_drw has 1923 polygons
2026-09-10 14:30:31 +0200: Memory Usage (446984K) : backmetal1_drw has 0 polygons
2026-09-10 14:30:31 +0200: Memory Usage (447112K) : backmetal1_pin has 0 polygons
2026-09-10 14:30:31 +0200: Memory Usage (447112K) : backmetal1_mask has 0 polygons
2026-09-10 14:30:31 +0200: Memory Usage (447240K) : backmetal1_filler has 0 polygons
2026-09-10 14:30:31 +0200: Memory Usage (447240K) : backmetal1_nofill has 0 polygons
2026-09-10 14:30:31 +0200: Memory Usage (447240K) : backmetal1_slit has 0 polygons
2026-09-10 14:30:31 +0200: Memory Usage (447368K) : backmetal1_text has 0 polygons
2026-09-10 14:30:31 +0200: Memory Usage (447368K) : backmetal1_opc has 0 polygons
2026-09-10 14:30:31 +0200: Memory Usage (447496K) : backmetal1_noqrc has 0 polygons
2026-09-10 14:30:31 +0200: Memory Usage (447496K) : backmetal1_res has 0 polygons
2026-09-10 14:30:31 +0200: Memory Usage (447624K) : backmetal1_iprobe has 0 polygons
2026-09-10 14:30:31 +0200: Memory Usage (447624K) : backmetal1_diffprb has 0 polygons
2026-09-10 14:30:31 +0200: Memory Usage (447624K) : backpassiv_drw has 0 polygons
2026-09-10 14:30:31 +0200: Memory Usage (447752K) : res_drw has 0 polygons
2026-09-10 14:30:31 +0200: Memory Usage (447880K) : sram_drw has 0 polygons
2026-09-10 14:30:31 +0200: Memory Usage (447880K) : trans_drw has 0 polygons
2026-09-10 14:30:31 +0200: Memory Usage (448008K) : ind_drw has 0 polygons
2026-09-10 14:30:31 +0200: Memory Usage (448136K) : ind_pin has 0 polygons
2026-09-10 14:30:31 +0200: Memory Usage (448136K) : ind_text has 0 polygons
2026-09-10 14:30:31 +0200: Memory Usage (448136K) : salblock_drw has 1 polygons
2026-09-10 14:30:31 +0200: Memory Usage (448264K) : via2_drw has 1655 polygons
2026-09-10 14:30:31 +0200: Memory Usage (448392K) : metal3_drw has 27 polygons
2026-09-10 14:30:31 +0200: Memory Usage (448392K) : metal3_pin has 11 polygons
2026-09-10 14:30:31 +0200: Memory Usage (448520K) : metal3_mask has 0 polygons
2026-09-10 14:30:31 +0200: Memory Usage (448520K) : metal3_filler has 0 polygons
2026-09-10 14:30:31 +0200: Memory Usage (448648K) : metal3_nofill has 0 polygons
2026-09-10 14:30:31 +0200: Memory Usage (448648K) : metal3_slit has 0 polygons
2026-09-10 14:30:31 +0200: Memory Usage (448648K) : metal3_text has 11 polygons
2026-09-10 14:30:31 +0200: Memory Usage (448776K) : metal3_opc has 0 polygons
2026-09-10 14:30:31 +0200: Memory Usage (448776K) : metal3_noqrc has 0 polygons
2026-09-10 14:30:31 +0200: Memory Usage (448904K) : metal3_res has 0 polygons
2026-09-10 14:30:31 +0200: Memory Usage (449032K) : metal3_iprobe has 0 polygons
2026-09-10 14:30:31 +0200: Memory Usage (449032K) : metal3_diffprb has 0 polygons
2026-09-10 14:30:31 +0200: Memory Usage (449160K) : nwell_drw has 29 polygons
2026-09-10 14:30:31 +0200: Memory Usage (449160K) : nwell_pin has 0 polygons
2026-09-10 14:30:31 +0200: Memory Usage (449288K) : nbulay_drw has 0 polygons
2026-09-10 14:30:31 +0200: Memory Usage (449288K) : nbulay_pin has 0 polygons
2026-09-10 14:30:31 +0200: Memory Usage (449288K) : nbulay_block has 0 polygons
2026-09-10 14:30:31 +0200: Memory Usage (449416K) : emwind_drw has 0 polygons
2026-09-10 14:30:31 +0200: Memory Usage (449416K) : emwind_opc has 0 polygons
2026-09-10 14:30:31 +0200: Memory Usage (449544K) : deepco_drw has 0 polygons
2026-09-10 14:30:31 +0200: Memory Usage (449544K) : deepco_drw has 0 polygons
2026-09-10 14:30:31 +0200: Memory Usage (449672K) : mim_drw has 0 polygons
2026-09-10 14:30:31 +0200: Memory Usage (449800K) : edgeseal_drw has 0 polygons
2026-09-10 14:30:31 +0200: Memory Usage (449800K) : edgeseal_bound has 0 polygons
2026-09-10 14:30:31 +0200: Memory Usage (449928K) : substrate_drw has 32 polygons
2026-09-10 14:30:31 +0200: Memory Usage (449928K) : substrate_text has 0 polygons
2026-09-10 14:30:31 +0200: Memory Usage (449928K) : dfpad_drw has 0 polygons
2026-09-10 14:30:31 +0200: Memory Usage (450056K) : dfpad_pillar has 0 polygons
2026-09-10 14:30:31 +0200: Memory Usage (450056K) : dfpad_sbump has 0 polygons
2026-09-10 14:30:31 +0200: Memory Usage (450056K) : thickgateox_drw has 8 polygons
2026-09-10 14:30:31 +0200: Memory Usage (450184K) : pldb_drw has 0 polygons
2026-09-10 14:30:31 +0200: Memory Usage (450184K) : pwell_drw has 0 polygons
2026-09-10 14:30:31 +0200: Memory Usage (450312K) : pwell_pin has 0 polygons
2026-09-10 14:30:31 +0200: Memory Usage (450312K) : pwell_block has 0 polygons
2026-09-10 14:30:31 +0200: Memory Usage (450312K) : ic_drw has 0 polygons
2026-09-10 14:30:31 +0200: Memory Usage (450440K) : via3_drw has 2087 polygons
2026-09-10 14:30:31 +0200: Memory Usage (450568K) : metal4_drw has 8 polygons
2026-09-10 14:30:31 +0200: Memory Usage (450568K) : metal4_pin has 8 polygons
2026-09-10 14:30:31 +0200: Memory Usage (450696K) : metal4_mask has 0 polygons
2026-09-10 14:30:31 +0200: Memory Usage (450696K) : metal4_filler has 0 polygons
2026-09-10 14:30:31 +0200: Memory Usage (450696K) : metal4_nofill has 0 polygons
2026-09-10 14:30:31 +0200: Memory Usage (450824K) : metal4_slit has 0 polygons
2026-09-10 14:30:31 +0200: Memory Usage (450824K) : metal4_text has 8 polygons
2026-09-10 14:30:31 +0200: Memory Usage (450952K) : metal4_opc has 0 polygons
2026-09-10 14:30:31 +0200: Memory Usage (450952K) : metal4_noqrc has 0 polygons
2026-09-10 14:30:31 +0200: Memory Usage (451080K) : metal4_res has 0 polygons
2026-09-10 14:30:31 +0200: Memory Usage (451080K) : metal4_iprobe has 0 polygons
2026-09-10 14:30:31 +0200: Memory Usage (451080K) : metal4_diffprb has 0 polygons
2026-09-10 14:30:31 +0200: Memory Usage (451208K) : heattrans_drw has 6 polygons
2026-09-10 14:30:31 +0200: Memory Usage (451208K) : heatres_drw has 0 polygons
2026-09-10 14:30:31 +0200: Memory Usage (451336K) : pempoly_drw has 0 polygons
2026-09-10 14:30:31 +0200: Memory Usage (451336K) : fbe_drw has 0 polygons
2026-09-10 14:30:31 +0200: Memory Usage (451336K) : empoly_drw has 0 polygons
2026-09-10 14:30:31 +0200: Memory Usage (451464K) : ldmos_drw has 0 polygons
2026-09-10 14:30:31 +0200: Memory Usage (451464K) : pbiwind_drw has 0 polygons
2026-09-10 14:30:31 +0200: Memory Usage (451592K) : digisub_drw has 0 polygons
2026-09-10 14:30:31 +0200: Memory Usage (451592K) : nodrc_drw has 0 polygons
2026-09-10 14:30:31 +0200: Memory Usage (451720K) : text_drw has 29 polygons
2026-09-10 14:30:31 +0200: Memory Usage (451720K) : via4_drw has 2371 polygons
2026-09-10 14:30:31 +0200: Memory Usage (451848K) : metal5_drw has 8 polygons
2026-09-10 14:30:31 +0200: Memory Usage (451848K) : metal5_pin has 8 polygons
2026-09-10 14:30:31 +0200: Memory Usage (451976K) : metal5_mask has 0 polygons
2026-09-10 14:30:31 +0200: Memory Usage (451976K) : metal5_filler has 0 polygons
2026-09-10 14:30:31 +0200: Memory Usage (452104K) : metal5_nofill has 0 polygons
2026-09-10 14:30:31 +0200: Memory Usage (452104K) : metal5_slit has 0 polygons
2026-09-10 14:30:31 +0200: Memory Usage (452104K) : metal5_text has 8 polygons
2026-09-10 14:30:31 +0200: Memory Usage (452232K) : metal5_opc has 0 polygons
2026-09-10 14:30:31 +0200: Memory Usage (452232K) : metal5_noqrc has 0 polygons
2026-09-10 14:30:31 +0200: Memory Usage (452360K) : metal5_res has 0 polygons
2026-09-10 14:30:31 +0200: Memory Usage (452360K) : metal5_iprobe has 0 polygons
2026-09-10 14:30:31 +0200: Memory Usage (452360K) : metal5_diffprb has 0 polygons
2026-09-10 14:30:31 +0200: Memory Usage (452488K) : radhard_drw has 0 polygons
2026-09-10 14:30:31 +0200: Memory Usage (452488K) : memcap_drw has 0 polygons
2026-09-10 14:30:31 +0200: Memory Usage (452488K) : varicap_drw has 0 polygons
2026-09-10 14:30:31 +0200: Memory Usage (452616K) : flash_drw has 0 polygons
2026-09-10 14:30:31 +0200: Memory Usage (452616K) : intbondvia_drw has 0 polygons
2026-09-10 14:30:31 +0200: Memory Usage (452744K) : intbondmet_drw has 0 polygons
2026-09-10 14:30:31 +0200: Memory Usage (452744K) : devbondvia_drw has 0 polygons
2026-09-10 14:30:31 +0200: Memory Usage (452872K) : devbondmet_drw has 0 polygons
2026-09-10 14:30:31 +0200: Memory Usage (452872K) : devtrench_drw has 0 polygons
2026-09-10 14:30:31 +0200: Memory Usage (452872K) : redist_drw has 0 polygons
2026-09-10 14:30:31 +0200: Memory Usage (453000K) : graphbot_drw has 0 polygons
2026-09-10 14:30:31 +0200: Memory Usage (453000K) : graphtop_drw has 0 polygons
2026-09-10 14:30:31 +0200: Memory Usage (453128K) : antvia1_drw has 0 polygons
2026-09-10 14:30:31 +0200: Memory Usage (453128K) : antmetal2_drw has 0 polygons
2026-09-10 14:30:31 +0200: Memory Usage (453256K) : graphcont_drw has 0 polygons
2026-09-10 14:30:31 +0200: Memory Usage (453256K) : siwg_drw has 0 polygons
2026-09-10 14:30:31 +0200: Memory Usage (453256K) : siwg_filler has 0 polygons
2026-09-10 14:30:31 +0200: Memory Usage (453384K) : siwg_nofill has 0 polygons
2026-09-10 14:30:31 +0200: Memory Usage (453384K) : sigrating_drw has 0 polygons
2026-09-10 14:30:31 +0200: Memory Usage (453512K) : singrating_drw has 0 polygons
2026-09-10 14:30:31 +0200: Memory Usage (453512K) : graphpas_drw has 0 polygons
2026-09-10 14:30:31 +0200: Memory Usage (453512K) : emwind3_drw has 0 polygons
2026-09-10 14:30:31 +0200: Memory Usage (453640K) : emwihv3_drw has 0 polygons
2026-09-10 14:30:31 +0200: Memory Usage (453640K) : redbulay_drw has 0 polygons
2026-09-10 14:30:31 +0200: Memory Usage (453768K) : smos_drw has 0 polygons
2026-09-10 14:30:31 +0200: Memory Usage (453768K) : graphpad_drw has 0 polygons
2026-09-10 14:30:31 +0200: Memory Usage (453896K) : polimide_drw has 0 polygons
2026-09-10 14:30:31 +0200: Memory Usage (453896K) : polimide_pin has 0 polygons
2026-09-10 14:30:31 +0200: Memory Usage (453896K) : recog_drw has 0 polygons
2026-09-10 14:30:31 +0200: Memory Usage (454024K) : recog_pin has 0 polygons
2026-09-10 14:30:31 +0200: Memory Usage (454024K) : recog_esd has 0 polygons
2026-09-10 14:30:31 +0200: Memory Usage (454152K) : recog_diode has 9 polygons
2026-09-10 14:30:31 +0200: Memory Usage (454152K) : recog_tsv has 0 polygons
2026-09-10 14:30:31 +0200: Memory Usage (454280K) : recog_iprobe has 0 polygons
2026-09-10 14:30:31 +0200: Memory Usage (454280K) : recog_diffprb has 0 polygons
2026-09-10 14:30:31 +0200: Memory Usage (454280K) : recog_pillar has 0 polygons
2026-09-10 14:30:31 +0200: Memory Usage (454280K) : recog_sbump has 0 polygons
2026-09-10 14:30:31 +0200: Memory Usage (454408K) : recog_otp has 0 polygons
2026-09-10 14:30:31 +0200: Memory Usage (454408K) : recog_pdiode has 0 polygons
2026-09-10 14:30:31 +0200: Memory Usage (454408K) : recog_mom has 0 polygons
2026-09-10 14:30:31 +0200: Memory Usage (454536K) : recog_momf has 0 polygons
2026-09-10 14:30:31 +0200: Memory Usage (454536K) : recog_pcm has 0 polygons
2026-09-10 14:30:31 +0200: Memory Usage (454664K) : colopen_drw has 0 polygons
2026-09-10 14:30:31 +0200: Memory Usage (454664K) : graphmetal1_drw has 0 polygons
2026-09-10 14:30:31 +0200: Memory Usage (454792K) : graphmetal1_filler has 0 polygons
2026-09-10 14:30:31 +0200: Memory Usage (454792K) : graphmetal1_nofill has 0 polygons
2026-09-10 14:30:31 +0200: Memory Usage (454792K) : graphmetal1_slit has 0 polygons
2026-09-10 14:30:31 +0200: Memory Usage (454920K) : graphmetal1_opc has 0 polygons
2026-09-10 14:30:31 +0200: Memory Usage (454920K) : graphmet1l_drw has 0 polygons
2026-09-10 14:30:31 +0200: Memory Usage (455048K) : graphmet1l_filler has 0 polygons
2026-09-10 14:30:31 +0200: Memory Usage (455048K) : graphmet1l_nofill has 0 polygons
2026-09-10 14:30:31 +0200: Memory Usage (455048K) : graphmet1l_slit has 0 polygons
2026-09-10 14:30:31 +0200: Memory Usage (455176K) : graphmet1l_opc has 0 polygons
2026-09-10 14:30:31 +0200: Memory Usage (455176K) : extblock_drw has 1 polygons
2026-09-10 14:30:31 +0200: Memory Usage (455304K) : nldd_drw has 0 polygons
2026-09-10 14:30:31 +0200: Memory Usage (455304K) : pldd_drw has 0 polygons
2026-09-10 14:30:31 +0200: Memory Usage (455432K) : next_drw has 0 polygons
2026-09-10 14:30:31 +0200: Memory Usage (455432K) : pext_drw has 0 polygons
2026-09-10 14:30:31 +0200: Memory Usage (455432K) : nexthv_drw has 0 polygons
2026-09-10 14:30:31 +0200: Memory Usage (455560K) : pexthv_drw has 0 polygons
2026-09-10 14:30:31 +0200: Memory Usage (455560K) : graphgate_drw has 0 polygons
2026-09-10 14:30:31 +0200: Memory Usage (455688K) : sinwg_drw has 0 polygons
2026-09-10 14:30:31 +0200: Memory Usage (455688K) : sinwg_filler has 0 polygons
2026-09-10 14:30:31 +0200: Memory Usage (455816K) : sinwg_nofill has 0 polygons
2026-09-10 14:30:31 +0200: Memory Usage (455816K) : mempad_drw has 0 polygons
2026-09-10 14:30:31 +0200: Memory Usage (455816K) : topvia1_drw has 2315 polygons
2026-09-10 14:30:31 +0200: Memory Usage (456072K) : topmetal1_drw has 8 polygons
2026-09-10 14:30:31 +0200: Memory Usage (456072K) : topmetal1_pin has 8 polygons
2026-09-10 14:30:31 +0200: Memory Usage (456072K) : topmetal1_mask has 0 polygons
2026-09-10 14:30:31 +0200: Memory Usage (456200K) : topmetal1_filler has 0 polygons
2026-09-10 14:30:31 +0200: Memory Usage (456200K) : topmetal1_nofill has 0 polygons
2026-09-10 14:30:31 +0200: Memory Usage (456200K) : topmetal1_slit has 0 polygons
2026-09-10 14:30:31 +0200: Memory Usage (456328K) : topmetal1_text has 8 polygons
2026-09-10 14:30:31 +0200: Memory Usage (456328K) : topmetal1_noqrc has 0 polygons
2026-09-10 14:30:31 +0200: Memory Usage (456456K) : topmetal1_res has 0 polygons
2026-09-10 14:30:31 +0200: Memory Usage (456456K) : topmetal1_iprobe has 0 polygons
2026-09-10 14:30:31 +0200: Memory Usage (456456K) : topmetal1_diffprb has 0 polygons
2026-09-10 14:30:31 +0200: Memory Usage (456584K) : inldpwl_drw has 0 polygons
2026-09-10 14:30:31 +0200: Memory Usage (456584K) : polyres_drw has 0 polygons
2026-09-10 14:30:31 +0200: Memory Usage (456584K) : polyres_pin has 0 polygons
2026-09-10 14:30:31 +0200: Memory Usage (456584K) : vmim_drw has 0 polygons
2026-09-10 14:30:31 +0200: Memory Usage (456584K) : nbulaycut_drw has 0 polygons
2026-09-10 14:30:31 +0200: Memory Usage (456584K) : antmetal1_drw has 0 polygons
2026-09-10 14:30:31 +0200: Memory Usage (456584K) : topvia2_drw has 1593 polygons
2026-09-10 14:30:31 +0200: Memory Usage (456712K) : topmetal2_drw has 6 polygons
2026-09-10 14:30:31 +0200: Memory Usage (456712K) : topmetal2_pin has 6 polygons
2026-09-10 14:30:31 +0200: Memory Usage (456712K) : topmetal2_mask has 0 polygons
2026-09-10 14:30:31 +0200: Memory Usage (456840K) : topmetal2_filler has 0 polygons
2026-09-10 14:30:31 +0200: Memory Usage (456840K) : topmetal2_nofill has 0 polygons
2026-09-10 14:30:31 +0200: Memory Usage (456968K) : topmetal2_slit has 0 polygons
2026-09-10 14:30:31 +0200: Memory Usage (456968K) : topmetal2_text has 6 polygons
2026-09-10 14:30:31 +0200: Memory Usage (457096K) : topmetal2_noqrc has 0 polygons
2026-09-10 14:30:31 +0200: Memory Usage (457096K) : topmetal2_res has 0 polygons
2026-09-10 14:30:31 +0200: Memory Usage (457096K) : topmetal2_iprobe has 0 polygons
2026-09-10 14:30:31 +0200: Memory Usage (457224K) : topmetal2_diffprb has 0 polygons
2026-09-10 14:30:31 +0200: Memory Usage (457224K) : snsring_drw has 0 polygons
2026-09-10 14:30:31 +0200: Memory Usage (457352K) : sensor_drw has 0 polygons
2026-09-10 14:30:31 +0200: Memory Usage (457352K) : snsarms_drw has 0 polygons
2026-09-10 14:30:31 +0200: Memory Usage (457352K) : snscmosvia_drw has 0 polygons
2026-09-10 14:30:31 +0200: Memory Usage (457480K) : colwind_drw has 0 polygons
2026-09-10 14:30:31 +0200: Memory Usage (457480K) : flm_drw has 0 polygons
2026-09-10 14:30:31 +0200: Memory Usage (457608K) : hafniumox_drw has 0 polygons
2026-09-10 14:30:31 +0200: Memory Usage (457608K) : memvia_drw has 0 polygons
2026-09-10 14:30:31 +0200: Memory Usage (457736K) : thinfilmres_drw has 0 polygons
2026-09-10 14:30:31 +0200: Memory Usage (457736K) : rfmem_drw has 0 polygons
2026-09-10 14:30:31 +0200: Memory Usage (457736K) : norcx_drw has 0 polygons
2026-09-10 14:30:31 +0200: Memory Usage (457864K) : norcx_m2m3 has 0 polygons
2026-09-10 14:30:31 +0200: Memory Usage (457864K) : norcx_m2m4 has 0 polygons
2026-09-10 14:30:31 +0200: Memory Usage (457992K) : norcx_m2m5 has 0 polygons
2026-09-10 14:30:31 +0200: Memory Usage (457992K) : norcx_m2tm1 has 0 polygons
2026-09-10 14:30:31 +0200: Memory Usage (458120K) : norcx_m2tm2 has 0 polygons
2026-09-10 14:30:31 +0200: Memory Usage (458120K) : norcx_m3m4 has 0 polygons
2026-09-10 14:30:31 +0200: Memory Usage (458120K) : norcx_m3m5 has 0 polygons
2026-09-10 14:30:31 +0200: Memory Usage (458248K) : norcx_m3tm1 has 0 polygons
2026-09-10 14:30:31 +0200: Memory Usage (458248K) : norcx_m3tm2 has 0 polygons
2026-09-10 14:30:31 +0200: Memory Usage (458376K) : norcx_m4m5 has 0 polygons
2026-09-10 14:30:31 +0200: Memory Usage (458376K) : norcx_m4tm1 has 0 polygons
2026-09-10 14:30:31 +0200: Memory Usage (458504K) : norcx_m4tm2 has 0 polygons
2026-09-10 14:30:31 +0200: Memory Usage (458504K) : norcx_m5tm1 has 0 polygons
2026-09-10 14:30:31 +0200: Memory Usage (458504K) : norcx_m5tm2 has 0 polygons
2026-09-10 14:30:31 +0200: Memory Usage (458632K) : norcx_tm1tm2 has 0 polygons
2026-09-10 14:30:31 +0200: Memory Usage (458632K) : norcx_m1sub has 0 polygons
2026-09-10 14:30:31 +0200: Memory Usage (458760K) : norcx_m2sub has 0 polygons
2026-09-10 14:30:31 +0200: Memory Usage (458760K) : norcx_m3sub has 0 polygons
2026-09-10 14:30:31 +0200: Memory Usage (458888K) : norcx_m4sub has 0 polygons
2026-09-10 14:30:31 +0200: Memory Usage (458888K) : norcx_m5sub has 0 polygons
2026-09-10 14:30:31 +0200: Memory Usage (458888K) : norcx_tm1sub has 0 polygons
2026-09-10 14:30:31 +0200: Memory Usage (459016K) : norcx_tm2sub has 0 polygons
2026-09-10 14:30:31 +0200: Memory Usage (459016K) : snsbotvia_drw has 0 polygons
2026-09-10 14:30:31 +0200: Memory Usage (459144K) : snstopvia_drw has 0 polygons
2026-09-10 14:30:31 +0200: Memory Usage (459144K) : deepvia_drw has 0 polygons
2026-09-10 14:30:31 +0200: Memory Usage (459144K) : fgetch_drw has 0 polygons
2026-09-10 14:30:31 +0200: Memory Usage (459272K) : ctrgat_drw has 0 polygons
2026-09-10 14:30:31 +0200: Memory Usage (459272K) : fgimp_drw has 0 polygons
2026-09-10 14:30:31 +0200: Memory Usage (459400K) : emwihv_drw has 0 polygons
2026-09-10 14:30:31 +0200: Memory Usage (459400K) : lbe_drw has 0 polygons
2026-09-10 14:30:31 +0200: Memory Usage (459528K) : alcustop_drw has 0 polygons
2026-09-10 14:30:31 +0200: Memory Usage (459528K) : nometfiller_drw has 0 polygons
2026-09-10 14:30:31 +0200: Memory Usage (459528K) : prboundary_drw has 0 polygons
2026-09-10 14:30:31 +0200: Memory Usage (459656K) : exchange0_drw has 0 polygons
2026-09-10 14:30:31 +0200: Memory Usage (459656K) : exchange0_pin has 0 polygons
2026-09-10 14:30:31 +0200: Memory Usage (459784K) : exchange0_text has 0 polygons
2026-09-10 14:30:31 +0200: Memory Usage (459784K) : exchange1_drw has 0 polygons
2026-09-10 14:30:31 +0200: Memory Usage (459912K) : exchange1_pin has 0 polygons
2026-09-10 14:30:31 +0200: Memory Usage (459912K) : exchange1_text has 0 polygons
2026-09-10 14:30:31 +0200: Memory Usage (459912K) : exchange2_drw has 0 polygons
2026-09-10 14:30:31 +0200: Memory Usage (460040K) : exchange2_pin has 0 polygons
2026-09-10 14:30:31 +0200: Memory Usage (460040K) : exchange2_text has 0 polygons
2026-09-10 14:30:31 +0200: Memory Usage (460040K) : exchange3_drw has 0 polygons
2026-09-10 14:30:31 +0200: Memory Usage (460168K) : exchange3_pin has 0 polygons
2026-09-10 14:30:31 +0200: Memory Usage (460168K) : exchange3_text has 0 polygons
2026-09-10 14:30:31 +0200: Memory Usage (460296K) : exchange4_drw has 0 polygons
2026-09-10 14:30:31 +0200: Memory Usage (460296K) : exchange4_pin has 0 polygons
2026-09-10 14:30:31 +0200: Memory Usage (460296K) : exchange4_text has 0 polygons
2026-09-10 14:30:31 +0200: Memory Usage (460424K) : isonwell_drw has 0 polygons
2026-09-10 14:30:31 +0200: Memory Usage (460424K) : Total no. of polygons in the design is 60129
2026-09-10 14:30:31 +0200: Memory Usage (460424K) : Loaded TECH DRC rules values from /work/upstream/ihp-open-pdk/ihp-sg13g2/libs.tech/klayout/python/sg13g2_pycell_lib/sg13g2_tech_mod.json
2026-09-10 14:30:31 +0200: Memory Usage (460424K) : Loaded default DRC rules values from /work/upstream/ihp-open-pdk/ihp-sg13g2/libs.tech/klayout/tech/drc/rule_decks/sg13g2_tech_default.json
2026-09-10 14:30:31 +0200: Memory Usage (460424K) : The following rules values were missing in tech json and default values were used:
2026-09-10 14:30:31 +0200: Memory Usage (460424K) :   - NW_f1_digibnd
2026-09-10 14:30:31 +0200: Memory Usage (460424K) :   - Cnt_c_digibnd
2026-09-10 14:30:31 +0200: Memory Usage (460424K) :   - Cnt_c_sram
2026-09-10 14:30:31 +0200: Memory Usage (460424K) :   - Sdiod_b
2026-09-10 14:30:31 +0200: Memory Usage (460424K) :   - Sdiod_c
2026-09-10 14:30:31 +0200: Memory Usage (461832K) : Total area of the design is 14673.5688 um^2.
2026-09-10 14:30:31 +0200: Memory Usage (461832K) : The design dimensions are 81.24000000000001 µm * 180.62 µm.
2026-09-10 14:30:31 +0200: Memory Usage (461832K) : Starting general IHP-SG13G2 derivations.
2026-09-10 14:30:31 +0200: Memory Usage (461832K) : Starting Pwell derivations
2026-09-10 14:30:31 +0200: Memory Usage (463888K) : Starting n-Activ derivations
2026-09-10 14:30:31 +0200: Memory Usage (464272K) : Starting p-Activ derivations
2026-09-10 14:30:31 +0200: Memory Usage (464272K) : Starting ptap derivations
2026-09-10 14:30:31 +0200: Memory Usage (464272K) : Starting ntap derivations
2026-09-10 14:30:31 +0200: Memory Usage (464272K) : Starting pact FET derivations
2026-09-10 14:30:31 +0200: Memory Usage (464272K) : Starting nact FET derivations
2026-09-10 14:30:31 +0200: Memory Usage (464272K) : Starting Gate derivations
2026-09-10 14:30:31 +0200: Memory Usage (464272K) : Starting cont/contbar general derivations
2026-09-10 14:30:31 +0200: Memory Usage (481052K) : Starting pad general derivations
2026-09-10 14:30:31 +0200: Memory Usage (481052K) : Starting schottky_nbl general derivations
2026-09-10 14:30:31 +0200: Memory Usage (481052K) : Starting SVaricap general derivations
2026-09-10 14:30:31 +0200: Memory Usage (481052K) : Starting HBT general derivations
2026-09-10 14:30:31 +0200: Memory Usage (481052K) : Starting IHP-SG13G2 DRC connectivity related derivations.
2026-09-10 14:30:31 +0200: Memory Usage (481052K) : Starting IHP-SG13G2 DRC connectivity setup
2026-09-10 14:30:31 +0200: Memory Usage (481180K) : Starting IHP-SG13G2 DRC rules.
2026-09-10 14:30:31 +0200: Memory Usage (481180K) : Running all FEOL rules
2026-09-10 14:30:31 +0200: Memory Usage (481180K) : Running all BEOL rules
2026-09-10 14:30:31 +0200: Memory Usage (481180K) : Running all PIN rules
2026-09-10 14:30:31 +0200: Memory Usage (481180K) : Running all FORBIDDEN rules
2026-09-10 14:30:31 +0200: Memory Usage (481180K) : Starting 5.1 NWell table
2026-09-10 14:30:31 +0200: Memory Usage (481180K) : Executing rule NW.b
2026-09-10 14:30:31 +0200: Memory Usage (481820K) : Executing rule NW.b1
2026-09-10 14:30:31 +0200: Memory Usage (481820K) : Executing rule NW.f1
2026-09-10 14:30:31 +0200: Memory Usage (481820K) : Executing rule NW.f1.digibnd
2026-09-10 14:30:31 +0200: Memory Usage (481820K) : Starting 5.2 PWell:block
2026-09-10 14:30:31 +0200: Memory Usage (481820K) : Executing rule PWB.e
2026-09-10 14:30:31 +0200: Memory Usage (481820K) : Executing rule PWB.e1
2026-09-10 14:30:31 +0200: Memory Usage (481820K) : Executing rule PWB.f
2026-09-10 14:30:31 +0200: Memory Usage (481820K) : Executing rule PWB.f1
2026-09-10 14:30:31 +0200: Memory Usage (481820K) : Starting 5.3 nBuLay table
2026-09-10 14:30:31 +0200: Memory Usage (481820K) : Executing rule NBL.b
2026-09-10 14:30:31 +0200: Memory Usage (481820K) : Executing rule NBL.c
2026-09-10 14:30:31 +0200: Memory Usage (481820K) : Executing rule NBL.d
2026-09-10 14:30:31 +0200: Memory Usage (481820K) : Executing rule NBL.e
2026-09-10 14:30:31 +0200: Memory Usage (481820K) : Executing rule NBL.f
2026-09-10 14:30:31 +0200: Memory Usage (481820K) : Starting 5.5. Activ table
2026-09-10 14:30:31 +0200: Memory Usage (481820K) : Executing rule Act.a
2026-09-10 14:30:31 +0200: Memory Usage (481820K) : Executing rule Act.b
2026-09-10 14:30:31 +0200: Memory Usage (481956K) : Starting 5.6 Activ:filler table
2026-09-10 14:30:31 +0200: Memory Usage (481956K) : Executing rule AFil.c1
2026-09-10 14:30:31 +0200: Memory Usage (481956K) : Executing rule AFil.c
2026-09-10 14:30:31 +0200: Memory Usage (481956K) : Executing rule AFil.d
2026-09-10 14:30:31 +0200: Memory Usage (481956K) : Executing rule AFil.e
2026-09-10 14:30:31 +0200: Memory Usage (481956K) : Executing rule AFil.j
2026-09-10 14:30:31 +0200: Memory Usage (481956K) : Starting 5.7. ThickGateOx table
2026-09-10 14:30:31 +0200: Memory Usage (481956K) : Executing rule TGO.f
2026-09-10 14:30:31 +0200: Memory Usage (481956K) : Starting 5.8. GatPoly table
2026-09-10 14:30:31 +0200: Memory Usage (481956K) : Executing rule Gat.a
2026-09-10 14:30:31 +0200: Memory Usage (481956K) : Executing rule Gat.b
2026-09-10 14:30:31 +0200: Memory Usage (481956K) : Executing rule Gat.d
2026-09-10 14:30:31 +0200: Memory Usage (481956K) : Executing rule Gat.a1
2026-09-10 14:30:31 +0200: Memory Usage (482596K) : Executing rule Gat.a2
2026-09-10 14:30:31 +0200: Memory Usage (482596K) : Executing rule Gat.g
2026-09-10 14:30:31 +0200: Memory Usage (482596K) : Starting 5.9 GatPoly:filler
2026-09-10 14:30:31 +0200: Memory Usage (482596K) : Executing rule GFil.d
2026-09-10 14:30:31 +0200: Memory Usage (482596K) : Executing rule GFil.e
2026-09-10 14:30:31 +0200: Memory Usage (482596K) : Executing rule GFil.i
2026-09-10 14:30:31 +0200: Memory Usage (482596K) : Starting 5.10 pSD table
2026-09-10 14:30:31 +0200: Memory Usage (482596K) : Executing rule pSD.c1
2026-09-10 14:30:31 +0200: Memory Usage (482596K) : Starting 5.14. Cont table
2026-09-10 14:30:31 +0200: Memory Usage (482596K) : Executing rule Cnt.a
2026-09-10 14:30:32 +0200: Memory Usage (491940K) : Executing rule Cnt.b
2026-09-10 14:30:32 +0200: Memory Usage (501156K) : Executing rule Cnt.c
2026-09-10 14:30:32 +0200: Memory Usage (503332K) : Executing rule Cnt.c.digibnd
2026-09-10 14:30:32 +0200: Memory Usage (503332K) : Executing rule Cnt.c.SRAM
2026-09-10 14:30:32 +0200: Memory Usage (503332K) : Executing rule Cnt.d
2026-09-10 14:30:32 +0200: Memory Usage (503332K) : Executing rule Cnt.e
2026-09-10 14:30:32 +0200: Memory Usage (503332K) : Executing rule Cnt.g1
2026-09-10 14:30:32 +0200: Memory Usage (503332K) : Executing rule Cnt.g2
2026-09-10 14:30:33 +0200: Memory Usage (507172K) : Starting 5.15. ContBar table
2026-09-10 14:30:33 +0200: Memory Usage (507172K) : Executing rule CntB.a
2026-09-10 14:30:33 +0200: Memory Usage (510116K) : Executing rule CntB.a1
2026-09-10 14:30:33 +0200: Memory Usage (510116K) : Executing rule CntB.b1
2026-09-10 14:30:33 +0200: Memory Usage (510116K) : Executing rule CntB.h1
2026-09-10 14:30:33 +0200: Memory Usage (510116K) : Starting 6.1.3 NPN Substrate-Tie table
2026-09-10 14:30:33 +0200: Memory Usage (510116K) : Executing rule npn13G2.bR 
2026-09-10 14:30:33 +0200: Memory Usage (510116K) : Executing rule npn13G2L.cR 
2026-09-10 14:30:33 +0200: Memory Usage (510116K) : Executing rule npn13G2V.cR 
2026-09-10 14:30:33 +0200: Memory Usage (510116K) : Starting 6.7 Schottky diode table
2026-09-10 14:30:33 +0200: Memory Usage (510116K) : Executing rule Sdiod.b
2026-09-10 14:30:33 +0200: Memory Usage (510116K) : Executing rule Sdiod.c
2026-09-10 14:30:33 +0200: Memory Usage (510116K) : Executing rule Sdiod.d
2026-09-10 14:30:33 +0200: Memory Usage (510116K) : Executing rule Sdiod.e
2026-09-10 14:30:33 +0200: Memory Usage (510116K) : Starting 7.2 Latch-up table
2026-09-10 14:30:33 +0200: Memory Usage (510116K) : Executing rule LU.b
2026-09-10 14:30:33 +0200: Memory Usage (510116K) : Starting 5.16. Metal1 table
2026-09-10 14:30:33 +0200: Memory Usage (510116K) : Executing rule M1.a
2026-09-10 14:30:33 +0200: Memory Usage (510116K) : Executing rule M1.b
2026-09-10 14:30:33 +0200: Memory Usage (510116K) : Executing rule M1.e
2026-09-10 14:30:33 +0200: Memory Usage (510116K) : Executing rule M1.f
2026-09-10 14:30:33 +0200: Memory Usage (510116K) : Executing rule M1.g
2026-09-10 14:30:33 +0200: Memory Usage (510116K) : Executing rule M1.i
2026-09-10 14:30:33 +0200: Memory Usage (510116K) : Starting 5.17 Metaln table
2026-09-10 14:30:33 +0200: Memory Usage (510116K) : Executing rule M2.a
2026-09-10 14:30:33 +0200: Memory Usage (510116K) : Executing rule M2.b
2026-09-10 14:30:33 +0200: Memory Usage (510116K) : Executing rule M2.e
2026-09-10 14:30:33 +0200: Memory Usage (510116K) : Executing rule M2.f
2026-09-10 14:30:33 +0200: Memory Usage (510116K) : Executing rule M2.g
2026-09-10 14:30:33 +0200: Memory Usage (510116K) : Executing rule M2.i
2026-09-10 14:30:33 +0200: Memory Usage (510116K) : Executing rule M3.a
2026-09-10 14:30:33 +0200: Memory Usage (510116K) : Executing rule M3.b
2026-09-10 14:30:33 +0200: Memory Usage (510116K) : Executing rule M3.e
2026-09-10 14:30:33 +0200: Memory Usage (510116K) : Executing rule M3.f
2026-09-10 14:30:33 +0200: Memory Usage (510116K) : Executing rule M3.g
2026-09-10 14:30:33 +0200: Memory Usage (510116K) : Executing rule M3.i
2026-09-10 14:30:33 +0200: Memory Usage (510116K) : Executing rule M4.a
2026-09-10 14:30:33 +0200: Memory Usage (510116K) : Executing rule M4.b
2026-09-10 14:30:33 +0200: Memory Usage (510116K) : Executing rule M4.e
2026-09-10 14:30:33 +0200: Memory Usage (510116K) : Executing rule M4.f
2026-09-10 14:30:33 +0200: Memory Usage (510116K) : Executing rule M4.g
2026-09-10 14:30:33 +0200: Memory Usage (510116K) : Executing rule M4.i
2026-09-10 14:30:33 +0200: Memory Usage (510116K) : Executing rule M5.a
2026-09-10 14:30:33 +0200: Memory Usage (510116K) : Executing rule M5.b
2026-09-10 14:30:33 +0200: Memory Usage (510116K) : Executing rule M5.e
2026-09-10 14:30:33 +0200: Memory Usage (510116K) : Executing rule M5.f
2026-09-10 14:30:33 +0200: Memory Usage (510116K) : Executing rule M5.g
2026-09-10 14:30:33 +0200: Memory Usage (510116K) : Executing rule M5.i
2026-09-10 14:30:33 +0200: Memory Usage (510116K) : Starting 5.18 Metaln:filler table
2026-09-10 14:30:33 +0200: Memory Usage (510116K) : Executing rule M1Fil.c
2026-09-10 14:30:33 +0200: Memory Usage (510116K) : Executing rule M1Fil.a2
2026-09-10 14:30:33 +0200: Memory Usage (510116K) : Executing rule M2Fil.c
2026-09-10 14:30:33 +0200: Memory Usage (510116K) : Executing rule M2Fil.a2
2026-09-10 14:30:33 +0200: Memory Usage (510116K) : Executing rule M3Fil.c
2026-09-10 14:30:33 +0200: Memory Usage (510116K) : Executing rule M3Fil.a2
2026-09-10 14:30:33 +0200: Memory Usage (510116K) : Executing rule M4Fil.c
2026-09-10 14:30:33 +0200: Memory Usage (510116K) : Executing rule M4Fil.a2
2026-09-10 14:30:33 +0200: Memory Usage (510116K) : Executing rule M5Fil.c
2026-09-10 14:30:33 +0200: Memory Usage (510116K) : Executing rule M5Fil.a2
2026-09-10 14:30:33 +0200: Memory Usage (510116K) : Starting 5.19. Via1 table
2026-09-10 14:30:33 +0200: Memory Usage (510116K) : Starting 5.19. Via1 table derivations
2026-09-10 14:30:33 +0200: Memory Usage (510116K) : Executing rule V1.a
2026-09-10 14:30:33 +0200: Memory Usage (510116K) : Executing rule V1.b
2026-09-10 14:30:33 +0200: Memory Usage (510116K) : Executing rule V1.c
2026-09-10 14:30:33 +0200: Memory Usage (510116K) : Starting 5.20. Vian table
2026-09-10 14:30:33 +0200: Memory Usage (510116K) : Executing rule V2.a
2026-09-10 14:30:33 +0200: Memory Usage (510116K) : Executing rule V2.b
2026-09-10 14:30:33 +0200: Memory Usage (510116K) : Executing rule V2.c
2026-09-10 14:30:33 +0200: Memory Usage (510116K) : Executing rule V3.a
2026-09-10 14:30:33 +0200: Memory Usage (510116K) : Executing rule V3.b
2026-09-10 14:30:33 +0200: Memory Usage (510116K) : Executing rule V3.c
2026-09-10 14:30:33 +0200: Memory Usage (510116K) : Executing rule V4.a
2026-09-10 14:30:33 +0200: Memory Usage (510116K) : Executing rule V4.b
2026-09-10 14:30:33 +0200: Memory Usage (510116K) : Executing rule V4.c
2026-09-10 14:30:33 +0200: Memory Usage (510116K) : Starting 5.21. TopVia1 table
2026-09-10 14:30:33 +0200: Memory Usage (510116K) : Executing rule TV1.a
2026-09-10 14:30:33 +0200: Memory Usage (510116K) : Executing rule TV1.b
2026-09-10 14:30:33 +0200: Memory Usage (510116K) : Executing rule TV1.c
2026-09-10 14:30:33 +0200: Memory Usage (510116K) : Executing rule TV1.d
2026-09-10 14:30:33 +0200: Memory Usage (510116K) : Starting 5.22. TopMetal1 table
2026-09-10 14:30:33 +0200: Memory Usage (510116K) : Executing rule TM1.a
2026-09-10 14:30:33 +0200: Memory Usage (510116K) : Executing rule TM1.b
2026-09-10 14:30:33 +0200: Memory Usage (510116K) : Starting 5.23 TopMetal1:filler table
2026-09-10 14:30:33 +0200: Memory Usage (510116K) : Executing rule TM1Fil.c
2026-09-10 14:30:33 +0200: Memory Usage (510116K) : Executing rule TM1Fil.a1
2026-09-10 14:30:33 +0200: Memory Usage (510116K) : Starting 5.24. TopVia2 table
2026-09-10 14:30:33 +0200: Memory Usage (510116K) : Executing rule TV2.a
2026-09-10 14:30:33 +0200: Memory Usage (510116K) : Executing rule TV2.b
2026-09-10 14:30:33 +0200: Memory Usage (510116K) : Executing rule TV2.c
2026-09-10 14:30:33 +0200: Memory Usage (510116K) : Executing rule TV2.d
2026-09-10 14:30:33 +0200: Memory Usage (510116K) : Starting 5.25. TopMetal2 table
2026-09-10 14:30:33 +0200: Memory Usage (510116K) : Executing rule TM2.a
2026-09-10 14:30:33 +0200: Memory Usage (510116K) : Executing rule TM2.b
2026-09-10 14:30:33 +0200: Memory Usage (510116K) : Executing rule TM2.bR
2026-09-10 14:30:33 +0200: Memory Usage (510116K) : Starting 5.26 TopMetal2:filler table
2026-09-10 14:30:33 +0200: Memory Usage (510116K) : Executing rule TM2Fil.c
2026-09-10 14:30:33 +0200: Memory Usage (510116K) : Executing rule TM2Fil.a1
2026-09-10 14:30:33 +0200: Memory Usage (510116K) : Starting 5.27. Passiv table
2026-09-10 14:30:33 +0200: Memory Usage (510116K) : Executing rule Pas.a
2026-09-10 14:30:33 +0200: Memory Usage (510116K) : Executing rule Pas.b
2026-09-10 14:30:33 +0200: Memory Usage (510116K) : Executing rule Pas.c
2026-09-10 14:30:33 +0200: Memory Usage (510116K) : Starting 6.9.2 Copper Pillar table
2026-09-10 14:30:33 +0200: Memory Usage (510116K) : Executing rule Padc.a
2026-09-10 14:30:33 +0200: Memory Usage (510116K) : Executing rule Padc.b
2026-09-10 14:30:33 +0200: Memory Usage (510116K) : Executing rule Padc.c
2026-09-10 14:30:33 +0200: Memory Usage (510116K) : Executing rule Padb.f
2026-09-10 14:30:33 +0200: Memory Usage (510116K) : Starting 6.9 Pad table
2026-09-10 14:30:33 +0200: Memory Usage (510116K) : Executing rule Pad.m
2026-09-10 14:30:33 +0200: Memory Usage (510116K) : Executing rule Pad.fR_M1
2026-09-10 14:30:33 +0200: Memory Usage (510116K) : Executing rule Pad.fR_M2
2026-09-10 14:30:33 +0200: Memory Usage (510116K) : Executing rule Pad.fR_M3
2026-09-10 14:30:33 +0200: Memory Usage (510116K) : Executing rule Pad.fR_M4
2026-09-10 14:30:33 +0200: Memory Usage (510116K) : Executing rule Pad.fR_M5
2026-09-10 14:30:33 +0200: Memory Usage (510116K) : Executing rule Pad.fR_TM1
2026-09-10 14:30:33 +0200: Memory Usage (510116K) : Executing rule Pad.fR_TM2
2026-09-10 14:30:33 +0200: Memory Usage (510116K) : Executing rule Pad.i
2026-09-10 14:30:33 +0200: Memory Usage (510116K) : Starting 6.9.1 Solder Bump
2026-09-10 14:30:33 +0200: Memory Usage (510116K) : Executing rule Padb.a
2026-09-10 14:30:33 +0200: Memory Usage (510116K) : Executing rule Padb.b
2026-09-10 14:30:33 +0200: Memory Usage (510116K) : Executing rule Padb.c
2026-09-10 14:30:33 +0200: Memory Usage (510116K) : Executing rule Padb.f
2026-09-10 14:30:33 +0200: Memory Usage (510116K) : Executing rule Padb.d
2026-09-10 14:30:33 +0200: Memory Usage (510116K) : Starting 6.10 Sealring table
2026-09-10 14:30:33 +0200: Memory Usage (510116K) : Executing rule Seal.l
2026-09-10 14:30:33 +0200: Memory Usage (510116K) : Executing rule Seal.n
2026-09-10 14:30:33 +0200: Memory Usage (510116K) : Executing rule seal.b_metal1
2026-09-10 14:30:33 +0200: Memory Usage (510116K) : Executing rule seal.b_metal2
2026-09-10 14:30:33 +0200: Memory Usage (510116K) : Executing rule seal.b_metal3
2026-09-10 14:30:33 +0200: Memory Usage (510116K) : Executing rule seal.b_metal4
2026-09-10 14:30:33 +0200: Memory Usage (510116K) : Executing rule seal.b_metal5
2026-09-10 14:30:33 +0200: Memory Usage (510116K) : Executing rule seal.b_topmetal1
2026-09-10 14:30:33 +0200: Memory Usage (510116K) : Executing rule seal.b_topmetal2
2026-09-10 14:30:33 +0200: Memory Usage (510116K) : Executing rule seal.b_activ
2026-09-10 14:30:33 +0200: Memory Usage (510116K) : Executing rule seal.b_psd
2026-09-10 14:30:33 +0200: Memory Usage (510116K) : Executing rule Seal.k
2026-09-10 14:30:33 +0200: Memory Usage (510116K) : Executing rule Seal.m
2026-09-10 14:30:33 +0200: Memory Usage (510116K) : Starting 6.11 MIM table
2026-09-10 14:30:33 +0200: Memory Usage (510116K) : Executing rule MIM.c
2026-09-10 14:30:33 +0200: Memory Usage (510116K) : Executing rule MIM.d
2026-09-10 14:30:33 +0200: Memory Usage (510116K) : Executing rule MIM.gR
2026-09-10 14:30:33 +0200: Memory Usage (510116K) : Starting 7.3 Metal Slits table
2026-09-10 14:30:33 +0200: Memory Usage (510116K) : Executing rule Slt.e1_M1
2026-09-10 14:30:33 +0200: Memory Usage (510116K) : Executing rule Slt.e1_M2
2026-09-10 14:30:33 +0200: Memory Usage (510116K) : Executing rule Slt.e1_M3
2026-09-10 14:30:33 +0200: Memory Usage (510116K) : Executing rule Slt.e1_M4
2026-09-10 14:30:33 +0200: Memory Usage (510116K) : Executing rule Slt.e1_M5
2026-09-10 14:30:33 +0200: Memory Usage (510116K) : Executing rule Slt.e1_TM1
2026-09-10 14:30:33 +0200: Memory Usage (510116K) : Executing rule Slt.e1_TM2
2026-09-10 14:30:33 +0200: Memory Usage (510116K) : Starting 9.1. LBE table
2026-09-10 14:30:33 +0200: Memory Usage (510116K) : Executing rule LBE.a
2026-09-10 14:30:33 +0200: Memory Usage (510116K) : Executing rule LBE.b
2026-09-10 14:30:33 +0200: Memory Usage (510116K) : Executing rule LBE.b1
2026-09-10 14:30:33 +0200: Memory Usage (510116K) : Executing rule LBE.c
2026-09-10 14:30:33 +0200: Memory Usage (510116K) : Executing rule LBE.d
2026-09-10 14:30:33 +0200: Memory Usage (510116K) : Executing rule LBE.h
2026-09-10 14:30:33 +0200: Memory Usage (510116K) : Starting 7.4. PIN table
2026-09-10 14:30:33 +0200: Memory Usage (510116K) : Executing rule Pin.a
2026-09-10 14:30:33 +0200: Memory Usage (510116K) : Executing rule Pin.b
2026-09-10 14:30:33 +0200: Memory Usage (510116K) : Executing rule Pin.e
2026-09-10 14:30:33 +0200: Memory Usage (510116K) : Executing rule Pin.f_M2
2026-09-10 14:30:33 +0200: Memory Usage (510116K) : Executing rule Pin.f_M3
2026-09-10 14:30:33 +0200: Memory Usage (510116K) : Executing rule Pin.f_M4
2026-09-10 14:30:33 +0200: Memory Usage (510116K) : Executing rule Pin.f_M5
2026-09-10 14:30:33 +0200: Memory Usage (510116K) : Executing rule Pin.g
2026-09-10 14:30:33 +0200: Memory Usage (510116K) : Executing rule Pin.h
2026-09-10 14:30:33 +0200: Memory Usage (510116K) : Starting 3.1. offgrid table
2026-09-10 14:30:33 +0200: Memory Usage (510116K) : Executing rule activ_drw_Offgrid
2026-09-10 14:30:33 +0200: Memory Usage (510116K) : Executing rule activ_mask_Offgrid
2026-09-10 14:30:33 +0200: Memory Usage (510116K) : Executing rule activ_filler_Offgrid
2026-09-10 14:30:33 +0200: Memory Usage (510116K) : Executing rule activ_opc_Offgrid
2026-09-10 14:30:33 +0200: Memory Usage (510116K) : Executing rule activ_iopc_Offgrid
2026-09-10 14:30:33 +0200: Memory Usage (510116K) : Executing rule biwind_drw_Offgrid
2026-09-10 14:30:33 +0200: Memory Usage (510116K) : Executing rule biwind_opc_Offgrid
2026-09-10 14:30:33 +0200: Memory Usage (510116K) : Executing rule pemwind_drw_Offgrid
2026-09-10 14:30:33 +0200: Memory Usage (510116K) : Executing rule gatpoly_drw_Offgrid
2026-09-10 14:30:33 +0200: Memory Usage (510116K) : Executing rule gatpoly_filler_Offgrid
2026-09-10 14:30:33 +0200: Memory Usage (510116K) : Executing rule gatpoly_opc_Offgrid
2026-09-10 14:30:33 +0200: Memory Usage (510116K) : Executing rule gatpoly_iopc_Offgrid
2026-09-10 14:30:33 +0200: Memory Usage (510116K) : Executing rule gatpoly_noqrc_Offgrid
2026-09-10 14:30:33 +0200: Memory Usage (510116K) : Executing rule cont_drw_Offgrid
2026-09-10 14:30:34 +0200: Memory Usage (530980K) : Executing rule cont_opc_Offgrid
2026-09-10 14:30:34 +0200: Memory Usage (530980K) : Executing rule nsd_drw_Offgrid
2026-09-10 14:30:34 +0200: Memory Usage (530980K) : Executing rule nsd_block_Offgrid
2026-09-10 14:30:34 +0200: Memory Usage (530980K) : Executing rule metal1_drw_Offgrid
2026-09-10 14:30:34 +0200: Memory Usage (530980K) : Executing rule metal1_mask_Offgrid
2026-09-10 14:30:34 +0200: Memory Usage (530980K) : Executing rule metal1_filler_Offgrid
2026-09-10 14:30:34 +0200: Memory Usage (530980K) : Executing rule metal1_slit_Offgrid
2026-09-10 14:30:34 +0200: Memory Usage (530980K) : Executing rule metal1_opc_Offgrid
2026-09-10 14:30:34 +0200: Memory Usage (530980K) : Executing rule metal1_noqrc_Offgrid
2026-09-10 14:30:34 +0200: Memory Usage (530980K) : Executing rule metal1_res_Offgrid
2026-09-10 14:30:34 +0200: Memory Usage (530980K) : Executing rule metal1_iprobe_Offgrid
2026-09-10 14:30:34 +0200: Memory Usage (530980K) : Executing rule metal1_diffprb_Offgrid
2026-09-10 14:30:34 +0200: Memory Usage (530980K) : Executing rule passiv_drw_Offgrid
2026-09-10 14:30:34 +0200: Memory Usage (530980K) : Executing rule passiv_pillar_Offgrid
2026-09-10 14:30:34 +0200: Memory Usage (530980K) : Executing rule passiv_sbump_Offgrid
2026-09-10 14:30:34 +0200: Memory Usage (530980K) : Executing rule passiv_pdl_Offgrid
2026-09-10 14:30:34 +0200: Memory Usage (530980K) : Executing rule metal2_drw_Offgrid
2026-09-10 14:30:34 +0200: Memory Usage (530980K) : Executing rule metal2_mask_Offgrid
2026-09-10 14:30:34 +0200: Memory Usage (530980K) : Executing rule metal2_filler_Offgrid
2026-09-10 14:30:34 +0200: Memory Usage (530980K) : Executing rule metal2_slit_Offgrid
2026-09-10 14:30:34 +0200: Memory Usage (530980K) : Executing rule metal2_opc_Offgrid
2026-09-10 14:30:34 +0200: Memory Usage (530980K) : Executing rule metal2_noqrc_Offgrid
2026-09-10 14:30:34 +0200: Memory Usage (530980K) : Executing rule metal2_res_Offgrid
2026-09-10 14:30:34 +0200: Memory Usage (530980K) : Executing rule metal2_iprobe_Offgrid
2026-09-10 14:30:34 +0200: Memory Usage (530980K) : Executing rule metal2_diffprb_Offgrid
2026-09-10 14:30:34 +0200: Memory Usage (530980K) : Executing rule baspoly_drw_Offgrid
2026-09-10 14:30:34 +0200: Memory Usage (530980K) : Executing rule psd_drw_Offgrid
2026-09-10 14:30:34 +0200: Memory Usage (530980K) : Executing rule nldb_drw_Offgrid
2026-09-10 14:30:34 +0200: Memory Usage (530980K) : Executing rule via1_drw_Offgrid
2026-09-10 14:30:34 +0200: Memory Usage (531108K) : Executing rule backmetal1_drw_Offgrid
2026-09-10 14:30:34 +0200: Memory Usage (531108K) : Executing rule backmetal1_mask_Offgrid
2026-09-10 14:30:34 +0200: Memory Usage (531108K) : Executing rule backmetal1_filler_Offgrid
2026-09-10 14:30:34 +0200: Memory Usage (531108K) : Executing rule backmetal1_slit_Offgrid
2026-09-10 14:30:34 +0200: Memory Usage (531236K) : Executing rule backmetal1_opc_Offgrid
2026-09-10 14:30:34 +0200: Memory Usage (531236K) : Executing rule backmetal1_noqrc_Offgrid
2026-09-10 14:30:34 +0200: Memory Usage (531236K) : Executing rule backmetal1_res_Offgrid
2026-09-10 14:30:34 +0200: Memory Usage (531236K) : Executing rule backmetal1_iprobe_Offgrid
2026-09-10 14:30:34 +0200: Memory Usage (531236K) : Executing rule backmetal1_diffprb_Offgrid
2026-09-10 14:30:34 +0200: Memory Usage (531364K) : Executing rule backpassiv_drw_Offgrid
2026-09-10 14:30:34 +0200: Memory Usage (531364K) : Executing rule salblock_drw_Offgrid
2026-09-10 14:30:34 +0200: Memory Usage (531364K) : Executing rule via2_drw_Offgrid
2026-09-10 14:30:34 +0200: Memory Usage (531492K) : Executing rule metal3_drw_Offgrid
2026-09-10 14:30:34 +0200: Memory Usage (531620K) : Executing rule metal3_mask_Offgrid
2026-09-10 14:30:34 +0200: Memory Usage (531620K) : Executing rule metal3_filler_Offgrid
2026-09-10 14:30:34 +0200: Memory Usage (531620K) : Executing rule metal3_slit_Offgrid
2026-09-10 14:30:34 +0200: Memory Usage (531620K) : Executing rule metal3_opc_Offgrid
2026-09-10 14:30:34 +0200: Memory Usage (531620K) : Executing rule metal3_noqrc_Offgrid
2026-09-10 14:30:34 +0200: Memory Usage (531748K) : Executing rule metal3_res_Offgrid
2026-09-10 14:30:34 +0200: Memory Usage (531748K) : Executing rule metal3_iprobe_Offgrid
2026-09-10 14:30:34 +0200: Memory Usage (531748K) : Executing rule metal3_diffprb_Offgrid
2026-09-10 14:30:34 +0200: Memory Usage (531748K) : Executing rule nwell_drw_Offgrid
2026-09-10 14:30:34 +0200: Memory Usage (531748K) : Executing rule nbulay_drw_Offgrid
2026-09-10 14:30:34 +0200: Memory Usage (531748K) : Executing rule nbulay_block_Offgrid
2026-09-10 14:30:34 +0200: Memory Usage (531748K) : Executing rule pwell_drw_Offgrid
2026-09-10 14:30:34 +0200: Memory Usage (531748K) : Executing rule pwell_block_Offgrid
2026-09-10 14:30:34 +0200: Memory Usage (531748K) : Executing rule emwind_drw_Offgrid
2026-09-10 14:30:34 +0200: Memory Usage (531748K) : Executing rule emwind_opc_Offgrid
2026-09-10 14:30:34 +0200: Memory Usage (531748K) : Executing rule deepco_drw_Offgrid
2026-09-10 14:30:34 +0200: Memory Usage (531748K) : Executing rule mim_drw_Offgrid
2026-09-10 14:30:34 +0200: Memory Usage (531748K) : Executing rule substrate_drw_Offgrid
2026-09-10 14:30:34 +0200: Memory Usage (531748K) : Executing rule ic_drw_Offgrid
2026-09-10 14:30:34 +0200: Memory Usage (531748K) : Executing rule via3_drw_Offgrid
2026-09-10 14:30:34 +0200: Memory Usage (531748K) : Executing rule pldb_drw_Offgrid
2026-09-10 14:30:34 +0200: Memory Usage (531748K) : Executing rule metal4_drw_Offgrid
2026-09-10 14:30:34 +0200: Memory Usage (531748K) : Executing rule metal4_mask_Offgrid
2026-09-10 14:30:34 +0200: Memory Usage (531748K) : Executing rule metal4_filler_Offgrid
2026-09-10 14:30:34 +0200: Memory Usage (531748K) : Executing rule metal4_slit_Offgrid
2026-09-10 14:30:34 +0200: Memory Usage (531748K) : Executing rule metal4_opc_Offgrid
2026-09-10 14:30:34 +0200: Memory Usage (531748K) : Executing rule metal4_noqrc_Offgrid
2026-09-10 14:30:34 +0200: Memory Usage (531748K) : Executing rule metal4_res_Offgrid
2026-09-10 14:30:34 +0200: Memory Usage (531748K) : Executing rule metal4_iprobe_Offgrid
2026-09-10 14:30:34 +0200: Memory Usage (531748K) : Executing rule metal4_diffprb_Offgrid
2026-09-10 14:30:34 +0200: Memory Usage (531748K) : Executing rule via4_drw_Offgrid
2026-09-10 14:30:34 +0200: Memory Usage (531748K) : Executing rule metal5_drw_Offgrid
2026-09-10 14:30:34 +0200: Memory Usage (531748K) : Executing rule metal5_mask_Offgrid
2026-09-10 14:30:34 +0200: Memory Usage (531748K) : Executing rule metal5_filler_Offgrid
2026-09-10 14:30:34 +0200: Memory Usage (531748K) : Executing rule metal5_slit_Offgrid
2026-09-10 14:30:34 +0200: Memory Usage (531748K) : Executing rule metal5_opc_Offgrid
2026-09-10 14:30:34 +0200: Memory Usage (531748K) : Executing rule metal5_noqrc_Offgrid
2026-09-10 14:30:34 +0200: Memory Usage (531748K) : Executing rule metal5_res_Offgrid
2026-09-10 14:30:34 +0200: Memory Usage (531748K) : Executing rule metal5_iprobe_Offgrid
2026-09-10 14:30:34 +0200: Memory Usage (531748K) : Executing rule metal5_diffprb_Offgrid
2026-09-10 14:30:34 +0200: Memory Usage (531748K) : Executing rule prboundary_drw_Offgrid
2026-09-10 14:30:34 +0200: Memory Usage (531748K) : Executing rule exchange0_drw_Offgrid
2026-09-10 14:30:34 +0200: Memory Usage (531748K) : Executing rule exchange1_drw_Offgrid
2026-09-10 14:30:34 +0200: Memory Usage (531748K) : Executing rule exchange2_drw_Offgrid
2026-09-10 14:30:34 +0200: Memory Usage (531748K) : Executing rule exchange3_drw_Offgrid
2026-09-10 14:30:34 +0200: Memory Usage (531748K) : Executing rule exchange4_drw_Offgrid
2026-09-10 14:30:34 +0200: Memory Usage (531748K) : Executing rule isonwell_drw_Offgrid
2026-09-10 14:30:34 +0200: Memory Usage (531748K) : Executing rule thickgateox_drw_Offgrid
2026-09-10 14:30:34 +0200: Memory Usage (531748K) : Executing rule pempoly_drw_Offgrid
2026-09-10 14:30:34 +0200: Memory Usage (531748K) : Executing rule fbe_drw_Offgrid
2026-09-10 14:30:34 +0200: Memory Usage (531748K) : Executing rule empoly_drw_Offgrid
2026-09-10 14:30:34 +0200: Memory Usage (531748K) : Executing rule ldmos_drw_Offgrid
2026-09-10 14:30:34 +0200: Memory Usage (531748K) : Executing rule pbiwind_drw_Offgrid
2026-09-10 14:30:34 +0200: Memory Usage (531748K) : Executing rule colopen_drw_Offgrid
2026-09-10 14:30:34 +0200: Memory Usage (531876K) : Executing rule extblock_drw_Offgrid
2026-09-10 14:30:34 +0200: Memory Usage (531876K) : Executing rule nldd_drw_Offgrid
2026-09-10 14:30:34 +0200: Memory Usage (531876K) : Executing rule pldd_drw_Offgrid
2026-09-10 14:30:34 +0200: Memory Usage (531876K) : Executing rule next_drw_Offgrid
2026-09-10 14:30:34 +0200: Memory Usage (531876K) : Executing rule pext_drw_Offgrid
2026-09-10 14:30:34 +0200: Memory Usage (531876K) : Executing rule nexthv_drw_Offgrid
2026-09-10 14:30:34 +0200: Memory Usage (531876K) : Executing rule pexthv_drw_Offgrid
2026-09-10 14:30:34 +0200: Memory Usage (531876K) : Executing rule graphgate_drw_Offgrid
2026-09-10 14:30:34 +0200: Memory Usage (531876K) : Executing rule mempad_drw_Offgrid
2026-09-10 14:30:34 +0200: Memory Usage (531876K) : Executing rule topvia1_drw_Offgrid
2026-09-10 14:30:34 +0200: Memory Usage (531876K) : Executing rule topmetal1_drw_Offgrid
2026-09-10 14:30:34 +0200: Memory Usage (531876K) : Executing rule topmetal1_mask_Offgrid
2026-09-10 14:30:34 +0200: Memory Usage (531876K) : Executing rule topmetal1_filler_Offgrid
2026-09-10 14:30:34 +0200: Memory Usage (531876K) : Executing rule topmetal1_slit_Offgrid
2026-09-10 14:30:34 +0200: Memory Usage (531876K) : Executing rule topmetal1_noqrc_Offgrid
2026-09-10 14:30:34 +0200: Memory Usage (531876K) : Executing rule topmetal1_res_Offgrid
2026-09-10 14:30:34 +0200: Memory Usage (531876K) : Executing rule topmetal1_iprobe_Offgrid
2026-09-10 14:30:34 +0200: Memory Usage (531876K) : Executing rule topmetal1_diffprb_Offgrid
2026-09-10 14:30:34 +0200: Memory Usage (531876K) : Executing rule inldpwl_drw_Offgrid
2026-09-10 14:30:34 +0200: Memory Usage (531876K) : Executing rule polyres_drw_Offgrid
2026-09-10 14:30:34 +0200: Memory Usage (531876K) : Executing rule vmim_drw_Offgrid
2026-09-10 14:30:34 +0200: Memory Usage (531876K) : Executing rule nbulaycut_drw_Offgrid
2026-09-10 14:30:34 +0200: Memory Usage (531876K) : Executing rule antmetal1_drw_Offgrid
2026-09-10 14:30:34 +0200: Memory Usage (531876K) : Executing rule topvia2_drw_Offgrid
2026-09-10 14:30:35 +0200: Memory Usage (531876K) : Executing rule topmetal2_drw_Offgrid
2026-09-10 14:30:35 +0200: Memory Usage (531876K) : Executing rule topmetal2_mask_Offgrid
2026-09-10 14:30:35 +0200: Memory Usage (531876K) : Executing rule topmetal2_filler_Offgrid
2026-09-10 14:30:35 +0200: Memory Usage (531876K) : Executing rule topmetal2_slit_Offgrid
2026-09-10 14:30:35 +0200: Memory Usage (531876K) : Executing rule topmetal2_noqrc_Offgrid
2026-09-10 14:30:35 +0200: Memory Usage (531876K) : Executing rule topmetal2_res_Offgrid
2026-09-10 14:30:35 +0200: Memory Usage (531876K) : Executing rule topmetal2_iprobe_Offgrid
2026-09-10 14:30:35 +0200: Memory Usage (531876K) : Executing rule topmetal2_diffprb_Offgrid
2026-09-10 14:30:35 +0200: Memory Usage (531876K) : Executing rule snsring_drw_Offgrid
2026-09-10 14:30:35 +0200: Memory Usage (531876K) : Executing rule sensor_drw_Offgrid
2026-09-10 14:30:35 +0200: Memory Usage (531876K) : Executing rule snsarms_drw_Offgrid
2026-09-10 14:30:35 +0200: Memory Usage (531876K) : Executing rule snscmosvia_drw_Offgrid
2026-09-10 14:30:35 +0200: Memory Usage (531876K) : Executing rule colwind_drw_Offgrid
2026-09-10 14:30:35 +0200: Memory Usage (531876K) : Executing rule flm_drw_Offgrid
2026-09-10 14:30:35 +0200: Memory Usage (531876K) : Executing rule hafniumox_drw_Offgrid
2026-09-10 14:30:35 +0200: Memory Usage (531876K) : Executing rule memvia_drw_Offgrid
2026-09-10 14:30:35 +0200: Memory Usage (531876K) : Executing rule thinfilmres_drw_Offgrid
2026-09-10 14:30:35 +0200: Memory Usage (531876K) : Executing rule rfmem_drw_Offgrid
2026-09-10 14:30:35 +0200: Memory Usage (531876K) : Executing rule snsbotvia_drw_Offgrid
2026-09-10 14:30:35 +0200: Memory Usage (531876K) : Executing rule snstopvia_drw_Offgrid
2026-09-10 14:30:35 +0200: Memory Usage (531876K) : Executing rule deepvia_drw_Offgrid
2026-09-10 14:30:35 +0200: Memory Usage (531876K) : Executing rule fgetch_drw_Offgrid
2026-09-10 14:30:35 +0200: Memory Usage (531876K) : Executing rule ctrgat_drw_Offgrid
2026-09-10 14:30:35 +0200: Memory Usage (531876K) : Executing rule fgimp_drw_Offgrid
2026-09-10 14:30:35 +0200: Memory Usage (531876K) : Executing rule emwihv_drw_Offgrid
2026-09-10 14:30:35 +0200: Memory Usage (531876K) : Executing rule lbe_drw_Offgrid
2026-09-10 14:30:35 +0200: Memory Usage (531876K) : Executing rule alcustop_drw_Offgrid
2026-09-10 14:30:35 +0200: Memory Usage (531876K) : Starting 3.2. angle table
2026-09-10 14:30:35 +0200: Memory Usage (531876K) : Executing rule activ_drw_Acute
2026-09-10 14:30:35 +0200: Memory Usage (531876K) : Executing rule activ_pin_Acute
2026-09-10 14:30:35 +0200: Memory Usage (531876K) : Executing rule activ_mask_Acute
2026-09-10 14:30:35 +0200: Memory Usage (531876K) : Executing rule activ_filler_Acute
2026-09-10 14:30:35 +0200: Memory Usage (531876K) : Executing rule activ_nofill_Acute
2026-09-10 14:30:35 +0200: Memory Usage (531876K) : Executing rule activ_opc_Acute
2026-09-10 14:30:35 +0200: Memory Usage (531876K) : Executing rule activ_iopc_Acute
2026-09-10 14:30:35 +0200: Memory Usage (531876K) : Executing rule activ_noqrc_Acute
2026-09-10 14:30:35 +0200: Memory Usage (531876K) : Executing rule biwind_drw_Acute
2026-09-10 14:30:35 +0200: Memory Usage (531876K) : Executing rule biwind_opc_Acute
2026-09-10 14:30:35 +0200: Memory Usage (532004K) : Executing rule pemwind_drw_Acute
2026-09-10 14:30:35 +0200: Memory Usage (532004K) : Executing rule gatpoly_drw_Acute
2026-09-10 14:30:35 +0200: Memory Usage (532004K) : Executing rule gatpoly_pin_Acute
2026-09-10 14:30:35 +0200: Memory Usage (532004K) : Executing rule gatpoly_filler_Acute
2026-09-10 14:30:35 +0200: Memory Usage (532004K) : Executing rule gatpoly_nofill_Acute
2026-09-10 14:30:35 +0200: Memory Usage (532004K) : Executing rule gatpoly_opc_Acute
2026-09-10 14:30:35 +0200: Memory Usage (532004K) : Executing rule gatpoly_iopc_Acute
2026-09-10 14:30:35 +0200: Memory Usage (532004K) : Executing rule gatpoly_noqrc_Acute
2026-09-10 14:30:35 +0200: Memory Usage (532004K) : Executing rule cont_drw_Acute
2026-09-10 14:30:35 +0200: Memory Usage (535204K) : Executing rule cont_opc_Acute
2026-09-10 14:30:35 +0200: Memory Usage (535204K) : Executing rule nsd_drw_Acute
2026-09-10 14:30:35 +0200: Memory Usage (535204K) : Executing rule nsd_block_Acute
2026-09-10 14:30:35 +0200: Memory Usage (535204K) : Executing rule metal1_drw_Acute
2026-09-10 14:30:35 +0200: Memory Usage (535204K) : Executing rule metal1_pin_Acute
2026-09-10 14:30:35 +0200: Memory Usage (535204K) : Executing rule metal1_mask_Acute
2026-09-10 14:30:35 +0200: Memory Usage (535204K) : Executing rule metal1_filler_Acute
2026-09-10 14:30:35 +0200: Memory Usage (535204K) : Executing rule metal1_nofill_Acute
2026-09-10 14:30:35 +0200: Memory Usage (535204K) : Executing rule metal1_slit_Acute
2026-09-10 14:30:35 +0200: Memory Usage (535204K) : Executing rule metal1_opc_Acute
2026-09-10 14:30:35 +0200: Memory Usage (535204K) : Executing rule metal1_noqrc_Acute
2026-09-10 14:30:35 +0200: Memory Usage (535204K) : Executing rule metal1_res_Acute
2026-09-10 14:30:35 +0200: Memory Usage (535204K) : Executing rule metal1_iprobe_Acute
2026-09-10 14:30:35 +0200: Memory Usage (535204K) : Executing rule metal1_diffprb_Acute
2026-09-10 14:30:35 +0200: Memory Usage (535204K) : Executing rule passiv_drw_Acute
2026-09-10 14:30:35 +0200: Memory Usage (535204K) : Executing rule passiv_pin_Acute
2026-09-10 14:30:35 +0200: Memory Usage (535204K) : Executing rule passiv_pillar_Acute
2026-09-10 14:30:35 +0200: Memory Usage (535204K) : Executing rule passiv_sbump_Acute
2026-09-10 14:30:35 +0200: Memory Usage (535204K) : Executing rule passiv_pdl_Acute
2026-09-10 14:30:35 +0200: Memory Usage (535204K) : Executing rule metal2_drw_Acute
2026-09-10 14:30:35 +0200: Memory Usage (535204K) : Executing rule metal2_pin_Acute
2026-09-10 14:30:35 +0200: Memory Usage (535204K) : Executing rule metal2_mask_Acute
2026-09-10 14:30:35 +0200: Memory Usage (535204K) : Executing rule metal2_filler_Acute
2026-09-10 14:30:35 +0200: Memory Usage (535204K) : Executing rule metal2_nofill_Acute
2026-09-10 14:30:35 +0200: Memory Usage (535204K) : Executing rule metal2_slit_Acute
2026-09-10 14:30:35 +0200: Memory Usage (535204K) : Executing rule metal2_opc_Acute
2026-09-10 14:30:35 +0200: Memory Usage (535204K) : Executing rule metal2_noqrc_Acute
2026-09-10 14:30:35 +0200: Memory Usage (535204K) : Executing rule metal2_res_Acute
2026-09-10 14:30:35 +0200: Memory Usage (535204K) : Executing rule metal2_iprobe_Acute
2026-09-10 14:30:35 +0200: Memory Usage (535204K) : Executing rule metal2_diffprb_Acute
2026-09-10 14:30:35 +0200: Memory Usage (535204K) : Executing rule baspoly_drw_Acute
2026-09-10 14:30:35 +0200: Memory Usage (535204K) : Executing rule baspoly_pin_Acute
2026-09-10 14:30:35 +0200: Memory Usage (535204K) : Executing rule psd_drw_Acute
2026-09-10 14:30:35 +0200: Memory Usage (535204K) : Executing rule nldb_drw_Acute
2026-09-10 14:30:35 +0200: Memory Usage (535204K) : Executing rule via1_drw_Acute
2026-09-10 14:30:35 +0200: Memory Usage (535204K) : Executing rule backmetal1_drw_Acute
2026-09-10 14:30:35 +0200: Memory Usage (535204K) : Executing rule backmetal1_pin_Acute
2026-09-10 14:30:35 +0200: Memory Usage (535204K) : Executing rule backmetal1_mask_Acute
2026-09-10 14:30:35 +0200: Memory Usage (535204K) : Executing rule backmetal1_filler_Acute
2026-09-10 14:30:35 +0200: Memory Usage (535204K) : Executing rule backmetal1_nofill_Acute
2026-09-10 14:30:35 +0200: Memory Usage (535204K) : Executing rule backmetal1_slit_Acute
2026-09-10 14:30:35 +0200: Memory Usage (535204K) : Executing rule backmetal1_opc_Acute
2026-09-10 14:30:35 +0200: Memory Usage (535332K) : Executing rule backmetal1_noqrc_Acute
2026-09-10 14:30:35 +0200: Memory Usage (535332K) : Executing rule backmetal1_res_Acute
2026-09-10 14:30:35 +0200: Memory Usage (535332K) : Executing rule backmetal1_iprobe_Acute
2026-09-10 14:30:35 +0200: Memory Usage (535332K) : Executing rule backmetal1_diffprb_Acute
2026-09-10 14:30:35 +0200: Memory Usage (535460K) : Executing rule backpassiv_drw_Acute
2026-09-10 14:30:35 +0200: Memory Usage (535460K) : Executing rule salblock_drw_Acute
2026-09-10 14:30:35 +0200: Memory Usage (535460K) : Executing rule via2_drw_Acute
2026-09-10 14:30:35 +0200: Memory Usage (535460K) : Executing rule metal3_drw_Acute
2026-09-10 14:30:35 +0200: Memory Usage (535460K) : Executing rule metal3_pin_Acute
2026-09-10 14:30:35 +0200: Memory Usage (535460K) : Executing rule metal3_mask_Acute
2026-09-10 14:30:35 +0200: Memory Usage (535460K) : Executing rule metal3_filler_Acute
2026-09-10 14:30:35 +0200: Memory Usage (535460K) : Executing rule metal3_nofill_Acute
2026-09-10 14:30:35 +0200: Memory Usage (535460K) : Executing rule metal3_slit_Acute
2026-09-10 14:30:35 +0200: Memory Usage (535460K) : Executing rule metal3_opc_Acute
2026-09-10 14:30:35 +0200: Memory Usage (535460K) : Executing rule metal3_noqrc_Acute
2026-09-10 14:30:35 +0200: Memory Usage (535460K) : Executing rule metal3_res_Acute
2026-09-10 14:30:35 +0200: Memory Usage (535460K) : Executing rule metal3_iprobe_Acute
2026-09-10 14:30:35 +0200: Memory Usage (535460K) : Executing rule metal3_diffprb_Acute
2026-09-10 14:30:35 +0200: Memory Usage (535460K) : Executing rule nwell_drw_Acute
2026-09-10 14:30:35 +0200: Memory Usage (535460K) : Executing rule nwell_pin_Acute
2026-09-10 14:30:35 +0200: Memory Usage (535460K) : Executing rule nbulay_drw_Acute
2026-09-10 14:30:35 +0200: Memory Usage (535460K) : Executing rule nbulay_pin_Acute
2026-09-10 14:30:35 +0200: Memory Usage (535460K) : Executing rule nbulay_block_Acute
2026-09-10 14:30:35 +0200: Memory Usage (535460K) : Executing rule pwell_drw_Acute
2026-09-10 14:30:35 +0200: Memory Usage (535460K) : Executing rule pwell_pin_Acute
2026-09-10 14:30:35 +0200: Memory Usage (535460K) : Executing rule pwell_block_Acute
2026-09-10 14:30:35 +0200: Memory Usage (535460K) : Executing rule emwind_drw_Acute
2026-09-10 14:30:35 +0200: Memory Usage (535460K) : Executing rule emwind_opc_Acute
2026-09-10 14:30:35 +0200: Memory Usage (535460K) : Executing rule deepco_drw_Acute
2026-09-10 14:30:35 +0200: Memory Usage (535460K) : Executing rule mim_drw_Acute
2026-09-10 14:30:35 +0200: Memory Usage (535460K) : Executing rule substrate_drw_Acute
2026-09-10 14:30:35 +0200: Memory Usage (535460K) : Executing rule ic_drw_Acute
2026-09-10 14:30:35 +0200: Memory Usage (535460K) : Executing rule via3_drw_Acute
2026-09-10 14:30:35 +0200: Memory Usage (535460K) : Executing rule pldb_drw_Acute
2026-09-10 14:30:35 +0200: Memory Usage (535460K) : Executing rule metal4_drw_Acute
2026-09-10 14:30:35 +0200: Memory Usage (535460K) : Executing rule metal4_pin_Acute
2026-09-10 14:30:35 +0200: Memory Usage (535460K) : Executing rule metal4_mask_Acute
2026-09-10 14:30:35 +0200: Memory Usage (535460K) : Executing rule metal4_filler_Acute
2026-09-10 14:30:35 +0200: Memory Usage (535460K) : Executing rule metal4_nofill_Acute
2026-09-10 14:30:35 +0200: Memory Usage (535460K) : Executing rule metal4_slit_Acute
2026-09-10 14:30:35 +0200: Memory Usage (535460K) : Executing rule metal4_opc_Acute
2026-09-10 14:30:35 +0200: Memory Usage (535460K) : Executing rule metal4_noqrc_Acute
2026-09-10 14:30:35 +0200: Memory Usage (535460K) : Executing rule metal4_res_Acute
2026-09-10 14:30:35 +0200: Memory Usage (535460K) : Executing rule metal4_iprobe_Acute
2026-09-10 14:30:35 +0200: Memory Usage (535460K) : Executing rule metal4_diffprb_Acute
2026-09-10 14:30:35 +0200: Memory Usage (535460K) : Executing rule via4_drw_Acute
2026-09-10 14:30:35 +0200: Memory Usage (535460K) : Executing rule metal5_drw_Acute
2026-09-10 14:30:35 +0200: Memory Usage (535460K) : Executing rule metal5_pin_Acute
2026-09-10 14:30:36 +0200: Memory Usage (535460K) : Executing rule metal5_mask_Acute
2026-09-10 14:30:36 +0200: Memory Usage (535460K) : Executing rule metal5_filler_Acute
2026-09-10 14:30:36 +0200: Memory Usage (535460K) : Executing rule metal5_nofill_Acute
2026-09-10 14:30:36 +0200: Memory Usage (535460K) : Executing rule metal5_slit_Acute
2026-09-10 14:30:36 +0200: Memory Usage (535460K) : Executing rule metal5_opc_Acute
2026-09-10 14:30:36 +0200: Memory Usage (535460K) : Executing rule metal5_noqrc_Acute
2026-09-10 14:30:36 +0200: Memory Usage (535460K) : Executing rule metal5_res_Acute
2026-09-10 14:30:36 +0200: Memory Usage (535460K) : Executing rule metal5_iprobe_Acute
2026-09-10 14:30:36 +0200: Memory Usage (535460K) : Executing rule metal5_diffprb_Acute
2026-09-10 14:30:36 +0200: Memory Usage (535460K) : Executing rule prboundary_drw_Acute
2026-09-10 14:30:36 +0200: Memory Usage (535460K) : Executing rule exchange0_drw_Acute
2026-09-10 14:30:36 +0200: Memory Usage (535460K) : Executing rule exchange0_pin_Acute
2026-09-10 14:30:36 +0200: Memory Usage (535460K) : Executing rule exchange1_drw_Acute
2026-09-10 14:30:36 +0200: Memory Usage (535460K) : Executing rule exchange1_pin_Acute
2026-09-10 14:30:36 +0200: Memory Usage (535460K) : Executing rule exchange2_drw_Acute
2026-09-10 14:30:36 +0200: Memory Usage (535460K) : Executing rule exchange2_pin_Acute
2026-09-10 14:30:36 +0200: Memory Usage (535460K) : Executing rule exchange3_drw_Acute
2026-09-10 14:30:36 +0200: Memory Usage (535460K) : Executing rule exchange3_pin_Acute
2026-09-10 14:30:36 +0200: Memory Usage (535460K) : Executing rule exchange4_drw_Acute
2026-09-10 14:30:36 +0200: Memory Usage (535460K) : Executing rule exchange4_pin_Acute
2026-09-10 14:30:36 +0200: Memory Usage (535460K) : Executing rule isonwell_drw_Acute
2026-09-10 14:30:36 +0200: Memory Usage (535460K) : Executing rule thickgateox_drw_Acute
2026-09-10 14:30:36 +0200: Memory Usage (535460K) : Executing rule pempoly_drw_Acute
2026-09-10 14:30:36 +0200: Memory Usage (535460K) : Executing rule fbe_drw_Acute
2026-09-10 14:30:36 +0200: Memory Usage (535460K) : Executing rule empoly_drw_Acute
2026-09-10 14:30:36 +0200: Memory Usage (535460K) : Executing rule ldmos_drw_Acute
2026-09-10 14:30:36 +0200: Memory Usage (535460K) : Executing rule pbiwind_drw_Acute
2026-09-10 14:30:36 +0200: Memory Usage (535460K) : Executing rule colopen_drw_Acute
2026-09-10 14:30:36 +0200: Memory Usage (535460K) : Executing rule extblock_drw_Acute
2026-09-10 14:30:36 +0200: Memory Usage (535460K) : Executing rule nldd_drw_Acute
2026-09-10 14:30:36 +0200: Memory Usage (535460K) : Executing rule pldd_drw_Acute
2026-09-10 14:30:36 +0200: Memory Usage (535460K) : Executing rule next_drw_Acute
2026-09-10 14:30:36 +0200: Memory Usage (535460K) : Executing rule pext_drw_Acute
2026-09-10 14:30:36 +0200: Memory Usage (535460K) : Executing rule nexthv_drw_Acute
2026-09-10 14:30:36 +0200: Memory Usage (535460K) : Executing rule pexthv_drw_Acute
2026-09-10 14:30:36 +0200: Memory Usage (535460K) : Executing rule graphgate_drw_Acute
2026-09-10 14:30:36 +0200: Memory Usage (535460K) : Executing rule mempad_drw_Acute
2026-09-10 14:30:36 +0200: Memory Usage (535460K) : Executing rule topvia1_drw_Acute
2026-09-10 14:30:36 +0200: Memory Usage (535460K) : Executing rule topmetal1_drw_Acute
2026-09-10 14:30:36 +0200: Memory Usage (535460K) : Executing rule topmetal1_pin_Acute
2026-09-10 14:30:36 +0200: Memory Usage (535460K) : Executing rule topmetal1_mask_Acute
2026-09-10 14:30:36 +0200: Memory Usage (535460K) : Executing rule topmetal1_filler_Acute
2026-09-10 14:30:36 +0200: Memory Usage (535460K) : Executing rule topmetal1_nofill_Acute
2026-09-10 14:30:36 +0200: Memory Usage (535460K) : Executing rule topmetal1_slit_Acute
2026-09-10 14:30:36 +0200: Memory Usage (535460K) : Executing rule topmetal1_noqrc_Acute
2026-09-10 14:30:36 +0200: Memory Usage (535460K) : Executing rule topmetal1_res_Acute
2026-09-10 14:30:36 +0200: Memory Usage (535460K) : Executing rule topmetal1_iprobe_Acute
2026-09-10 14:30:36 +0200: Memory Usage (535460K) : Executing rule topmetal1_diffprb_Acute
2026-09-10 14:30:36 +0200: Memory Usage (535460K) : Executing rule inldpwl_drw_Acute
2026-09-10 14:30:36 +0200: Memory Usage (535460K) : Executing rule polyres_drw_Acute
2026-09-10 14:30:36 +0200: Memory Usage (535460K) : Executing rule polyres_pin_Acute
2026-09-10 14:30:36 +0200: Memory Usage (535460K) : Executing rule vmim_drw_Acute
2026-09-10 14:30:36 +0200: Memory Usage (535460K) : Executing rule nbulaycut_drw_Acute
2026-09-10 14:30:36 +0200: Memory Usage (535460K) : Executing rule antmetal1_drw_Acute
2026-09-10 14:30:36 +0200: Memory Usage (535460K) : Executing rule topvia2_drw_Acute
2026-09-10 14:30:36 +0200: Memory Usage (535460K) : Executing rule topmetal2_drw_Acute
2026-09-10 14:30:36 +0200: Memory Usage (535460K) : Executing rule topmetal2_pin_Acute
2026-09-10 14:30:36 +0200: Memory Usage (535460K) : Executing rule topmetal2_mask_Acute
2026-09-10 14:30:36 +0200: Memory Usage (535460K) : Executing rule topmetal2_filler_Acute
2026-09-10 14:30:36 +0200: Memory Usage (535460K) : Executing rule topmetal2_nofill_Acute
2026-09-10 14:30:36 +0200: Memory Usage (535460K) : Executing rule topmetal2_slit_Acute
2026-09-10 14:30:36 +0200: Memory Usage (535460K) : Executing rule topmetal2_noqrc_Acute
2026-09-10 14:30:36 +0200: Memory Usage (535460K) : Executing rule topmetal2_res_Acute
2026-09-10 14:30:36 +0200: Memory Usage (535460K) : Executing rule topmetal2_iprobe_Acute
2026-09-10 14:30:36 +0200: Memory Usage (535460K) : Executing rule topmetal2_diffprb_Acute
2026-09-10 14:30:36 +0200: Memory Usage (535460K) : Executing rule snsring_drw_Acute
2026-09-10 14:30:36 +0200: Memory Usage (535460K) : Executing rule sensor_drw_Acute
2026-09-10 14:30:36 +0200: Memory Usage (535460K) : Executing rule snsarms_drw_Acute
2026-09-10 14:30:36 +0200: Memory Usage (535460K) : Executing rule snscmosvia_drw_Acute
2026-09-10 14:30:36 +0200: Memory Usage (535460K) : Executing rule colwind_drw_Acute
2026-09-10 14:30:36 +0200: Memory Usage (535460K) : Executing rule flm_drw_Acute
2026-09-10 14:30:36 +0200: Memory Usage (535460K) : Executing rule hafniumox_drw_Acute
2026-09-10 14:30:36 +0200: Memory Usage (535460K) : Executing rule memvia_drw_Acute
2026-09-10 14:30:36 +0200: Memory Usage (535460K) : Executing rule thinfilmres_drw_Acute
2026-09-10 14:30:36 +0200: Memory Usage (535460K) : Executing rule rfmem_drw_Acute
2026-09-10 14:30:36 +0200: Memory Usage (535460K) : Executing rule snsbotvia_drw_Acute
2026-09-10 14:30:36 +0200: Memory Usage (535460K) : Executing rule snstopvia_drw_Acute
2026-09-10 14:30:36 +0200: Memory Usage (535460K) : Executing rule deepvia_drw_Acute
2026-09-10 14:30:36 +0200: Memory Usage (535460K) : Executing rule fgetch_drw_Acute
2026-09-10 14:30:36 +0200: Memory Usage (535460K) : Executing rule ctrgat_drw_Acute
2026-09-10 14:30:36 +0200: Memory Usage (535460K) : Executing rule fgimp_drw_Acute
2026-09-10 14:30:36 +0200: Memory Usage (535460K) : Executing rule emwihv_drw_Acute
2026-09-10 14:30:36 +0200: Memory Usage (535460K) : Executing rule lbe_drw_Acute
2026-09-10 14:30:36 +0200: Memory Usage (535460K) : Executing rule alcustop_drw_Acute
2026-09-10 14:30:36 +0200: Memory Usage (535460K) : Executing rule cont_drw_Angle90
2026-09-10 14:30:37 +0200: Memory Usage (556068K) : Executing rule via1_drw_Angle90
2026-09-10 14:30:37 +0200: Memory Usage (556068K) : Executing rule via2_drw_Angle90
2026-09-10 14:30:37 +0200: Memory Usage (556068K) : Executing rule via3_drw_Angle90
2026-09-10 14:30:37 +0200: Memory Usage (556068K) : Executing rule via4_drw_Angle90
2026-09-10 14:30:37 +0200: Memory Usage (556068K) : Executing rule vmim_drw_Angle90
2026-09-10 14:30:37 +0200: Memory Usage (556068K) : Executing rule topvia1_drw_Angle90
2026-09-10 14:30:37 +0200: Memory Usage (556068K) : Executing rule topvia2_drw_Angle90
2026-09-10 14:30:37 +0200: Memory Usage (556068K) : Executing rule gatpoly_drw_Angle45
2026-09-10 14:30:37 +0200: Memory Usage (556068K) : Executing rule activ_drw_Angle45
2026-09-10 14:30:37 +0200: Memory Usage (556068K) : Executing rule metal1_drw_Angle45
2026-09-10 14:30:37 +0200: Memory Usage (556068K) : Executing rule metal2_drw_Angle45
2026-09-10 14:30:37 +0200: Memory Usage (556068K) : Executing rule metal3_drw_Angle45
2026-09-10 14:30:37 +0200: Memory Usage (556068K) : Executing rule metal4_drw_Angle45
2026-09-10 14:30:37 +0200: Memory Usage (556068K) : Executing rule metal5_drw_Angle45
2026-09-10 14:30:37 +0200: Memory Usage (556068K) : Executing rule topmetal1_drw_Angle45
2026-09-10 14:30:37 +0200: Memory Usage (556068K) : Executing rule topmetal2_drw_Angle45
2026-09-10 14:30:37 +0200: Memory Usage (556068K) : Starting 3.2. FORBIDDEN table
2026-09-10 14:30:37 +0200: Memory Usage (556068K) : Executing rule forbidden.biwind
2026-09-10 14:30:37 +0200: Memory Usage (556068K) : Executing rule forbidden.pemwind
2026-09-10 14:30:37 +0200: Memory Usage (556068K) : Executing rule forbidden.baspoly
2026-09-10 14:30:37 +0200: Memory Usage (556068K) : Executing rule forbidden.deepco
2026-09-10 14:30:37 +0200: Memory Usage (556068K) : Executing rule forbidden.pempoly
2026-09-10 14:30:37 +0200: Memory Usage (556068K) : Executing rule forbidden.empoly
2026-09-10 14:30:37 +0200: Memory Usage (556068K) : Executing rule forbidden.ldmos
2026-09-10 14:30:37 +0200: Memory Usage (556068K) : Executing rule forbidden.pbiwind
2026-09-10 14:30:37 +0200: Memory Usage (556068K) : Executing rule forbidden.nodrc
2026-09-10 14:30:37 +0200: Memory Usage (556068K) : Executing rule forbidden.flash
2026-09-10 14:30:37 +0200: Memory Usage (556068K) : Executing rule forbidden.colwind
2026-09-10 14:30:37 +0200: Memory Usage (556068K) : KLayout DRC run for tables 'main' completed in 6.38 seconds
10-Sep-2026 14:30:37 | INFO    | Running IHP-SG13G2 antenna checks on design /work/runs/ihp-io-physical-20260910-001/geometry/sg13g2_IOPadInOut30mA.gds, topcell: sg13g2_IOPadInOut30mA
2026-09-10 14:30:38 +0200: Memory Usage (436832K) : Starting running IHP-SG13G2 Klayout DRC antenna runset on /work/runs/ihp-io-physical-20260910-001/geometry/sg13g2_IOPadInOut30mA.gds
2026-09-10 14:30:38 +0200: Memory Usage (436832K) : Ruby Version for klayout: 3.2.3
2026-09-10 14:30:38 +0200: Memory Usage (440332K) : Loading database to memory is complete.
2026-09-10 14:30:38 +0200: Memory Usage (440332K) : IHP-SG13G2 Klayout DRC antenna runset output at: /output/sg13g2_IOPadInOut30mA_sg13g2_IOPadInOut30mA_antenna.lyrdb
2026-09-10 14:30:38 +0200: Memory Usage (440332K) : Evaluate switches.
2026-09-10 14:30:38 +0200: Memory Usage (440332K) : KLayout will use 1 thread(s) in tiling mode.
2026-09-10 14:30:38 +0200: Memory Usage (440332K) : deep mode is enabled for antenna table.
2026-09-10 14:30:38 +0200: Memory Usage (440332K) : Read in polygons from layers.
2026-09-10 14:30:38 +0200: Memory Usage (441488K) : activ_drw has 113 polygons
2026-09-10 14:30:38 +0200: Memory Usage (441488K) : gatpoly_drw has 69 polygons
2026-09-10 14:30:38 +0200: Memory Usage (443024K) : cont_drw has 47016 polygons
2026-09-10 14:30:38 +0200: Memory Usage (443024K) : nsd_block has 0 polygons
2026-09-10 14:30:38 +0200: Memory Usage (443024K) : metal1_drw has 393 polygons
2026-09-10 14:30:38 +0200: Memory Usage (443024K) : metal2_drw has 113 polygons
2026-09-10 14:30:38 +0200: Memory Usage (443024K) : psd_drw has 46 polygons
2026-09-10 14:30:38 +0200: Memory Usage (443024K) : digisub_drw has 0 polygons
2026-09-10 14:30:38 +0200: Memory Usage (443024K) : via1_drw has 1923 polygons
2026-09-10 14:30:38 +0200: Memory Usage (443024K) : via2_drw has 1655 polygons
2026-09-10 14:30:38 +0200: Memory Usage (443024K) : metal3_drw has 27 polygons
2026-09-10 14:30:38 +0200: Memory Usage (443024K) : nwell_drw has 29 polygons
2026-09-10 14:30:38 +0200: Memory Usage (443024K) : nbulay_drw has 0 polygons
2026-09-10 14:30:38 +0200: Memory Usage (443024K) : pwell_block has 0 polygons
2026-09-10 14:30:38 +0200: Memory Usage (443024K) : via3_drw has 2087 polygons
2026-09-10 14:30:38 +0200: Memory Usage (443152K) : metal4_drw has 8 polygons
2026-09-10 14:30:38 +0200: Memory Usage (443152K) : via4_drw has 2371 polygons
2026-09-10 14:30:38 +0200: Memory Usage (443280K) : metal5_drw has 8 polygons
2026-09-10 14:30:38 +0200: Memory Usage (443280K) : recog_diode has 9 polygons
2026-09-10 14:30:38 +0200: Memory Usage (443280K) : recog_esd has 0 polygons
2026-09-10 14:30:38 +0200: Memory Usage (443408K) : topvia1_drw has 2315 polygons
2026-09-10 14:30:38 +0200: Memory Usage (443408K) : topmetal1_drw has 8 polygons
2026-09-10 14:30:38 +0200: Memory Usage (443536K) : topvia2_drw has 1593 polygons
2026-09-10 14:30:38 +0200: Memory Usage (443536K) : topmetal2_drw has 6 polygons
2026-09-10 14:30:38 +0200: Memory Usage (443984K) : text_drw has 29 polygons
2026-09-10 14:30:38 +0200: Memory Usage (443984K) : Total no. of polygons in the design is 59818
2026-09-10 14:30:38 +0200: Memory Usage (443984K) : Loaded TECH DRC rules values from /work/upstream/ihp-open-pdk/ihp-sg13g2/libs.tech/klayout/python/sg13g2_pycell_lib/sg13g2_tech_mod.json
2026-09-10 14:30:38 +0200: Memory Usage (443984K) : Loaded default DRC rules values from /work/upstream/ihp-open-pdk/ihp-sg13g2/libs.tech/klayout/tech/drc/rule_decks/sg13g2_tech_default.json
2026-09-10 14:30:38 +0200: Memory Usage (443984K) : The following rules values were missing in tech json and default values were used:
2026-09-10 14:30:38 +0200: Memory Usage (443984K) :   - NW_f1_digibnd
2026-09-10 14:30:38 +0200: Memory Usage (443984K) :   - Cnt_c_digibnd
2026-09-10 14:30:38 +0200: Memory Usage (443984K) :   - Cnt_c_sram
2026-09-10 14:30:38 +0200: Memory Usage (443984K) :   - Sdiod_b
2026-09-10 14:30:38 +0200: Memory Usage (443984K) :   - Sdiod_c
2026-09-10 14:30:38 +0200: Memory Usage (445200K) : Total area of the design is 14673.5688 um^2.
2026-09-10 14:30:38 +0200: Memory Usage (445200K) : The design dimensions are 81.24000000000001 µm * 180.62 µm.
2026-09-10 14:30:38 +0200: Memory Usage (445200K) : Starting general IHP-SG13G2 derivations.
2026-09-10 14:30:38 +0200: Memory Usage (448680K) : Starting IHP-SG13G2 DRC rules.
2026-09-10 14:30:38 +0200: Memory Usage (448680K) : Starting 7.1 Antenna Rules table
2026-09-10 14:30:38 +0200: Memory Usage (448808K) : Executing rule Ant.a
2026-09-10 14:30:39 +0200: Memory Usage (455768K) : Executing rule Ant.c
2026-09-10 14:30:39 +0200: Memory Usage (455768K) : Starting cumulative antenna ratio calculations
2026-09-10 14:30:39 +0200: Memory Usage (455768K) : Evaluating metal1_drw ratio
2026-09-10 14:30:39 +0200: Memory Usage (457304K) : Evaluating via1_drw ratio
2026-09-10 14:30:39 +0200: Memory Usage (457560K) : Evaluating metal2_drw ratio
2026-09-10 14:30:39 +0200: Memory Usage (457560K) : Evaluating via2_drw ratio
2026-09-10 14:30:39 +0200: Memory Usage (458328K) : Evaluating metal3_drw ratio
2026-09-10 14:30:39 +0200: Memory Usage (458328K) : Evaluating via3_drw ratio
2026-09-10 14:30:39 +0200: Memory Usage (458456K) : Evaluating metal4_drw ratio
2026-09-10 14:30:39 +0200: Memory Usage (458456K) : Evaluating via4_drw ratio
2026-09-10 14:30:40 +0200: Memory Usage (458456K) : Evaluating metal5_drw ratio
2026-09-10 14:30:40 +0200: Memory Usage (458456K) : Evaluating topvia1_drw ratio
2026-09-10 14:30:40 +0200: Memory Usage (458456K) : Evaluating topmetal1_drw ratio
2026-09-10 14:30:40 +0200: Memory Usage (458456K) : Evaluating topvia2_drw ratio
2026-09-10 14:30:41 +0200: Memory Usage (458456K) : Evaluating topmetal2_drw ratio
2026-09-10 14:30:41 +0200: Memory Usage (458456K) : Evaluating diode presence
2026-09-10 14:30:41 +0200: Memory Usage (458456K) : Creating base layer with all individual ratios and diode flag
2026-09-10 14:30:41 +0200: Memory Usage (458604K) : Executing rules Ant.b and Ant.e
2026-09-10 14:30:41 +0200: Memory Usage (458604K) : Executing Ant.b_Metal1
2026-09-10 14:30:41 +0200: Memory Usage (458604K) : Executing Ant.e_Metal1
2026-09-10 14:30:41 +0200: Memory Usage (458604K) : Evaluating cumulative ratio after Metal2
2026-09-10 14:30:41 +0200: Memory Usage (458604K) : Executing Ant.b_Metal2
2026-09-10 14:30:41 +0200: Memory Usage (458604K) : Executing Ant.e_Metal2
2026-09-10 14:30:41 +0200: Memory Usage (458604K) : Evaluating cumulative ratio after Metal3
2026-09-10 14:30:41 +0200: Memory Usage (458604K) : Executing Ant.b_Metal3
2026-09-10 14:30:41 +0200: Memory Usage (458604K) : Executing Ant.e_Metal3
2026-09-10 14:30:41 +0200: Memory Usage (458604K) : Evaluating cumulative ratio after Metal4
2026-09-10 14:30:41 +0200: Memory Usage (458604K) : Executing Ant.b_Metal4
2026-09-10 14:30:41 +0200: Memory Usage (458604K) : Executing Ant.e_Metal4
2026-09-10 14:30:41 +0200: Memory Usage (458604K) : Evaluating cumulative ratio after Metal5
2026-09-10 14:30:41 +0200: Memory Usage (458604K) : Executing Ant.b_Metal5
2026-09-10 14:30:41 +0200: Memory Usage (458604K) : Executing Ant.e_Metal5
2026-09-10 14:30:41 +0200: Memory Usage (458604K) : Evaluating cumulative ratio after TopMetal1
2026-09-10 14:30:41 +0200: Memory Usage (458604K) : Executing Ant.b_TopMetal1
2026-09-10 14:30:41 +0200: Memory Usage (458604K) : Executing Ant.e_TopMetal1
2026-09-10 14:30:41 +0200: Memory Usage (458604K) : Evaluating cumulative ratio after TopMetal2
2026-09-10 14:30:41 +0200: Memory Usage (458604K) : Executing Ant.b_TopMetal2
2026-09-10 14:30:41 +0200: Memory Usage (458604K) : Executing Ant.e_TopMetal2
2026-09-10 14:30:41 +0200: Memory Usage (458604K) : Executing rules Ant.d and Ant.f
2026-09-10 14:30:41 +0200: Memory Usage (458604K) : Evaluating cumulative ratio after Via1
2026-09-10 14:30:41 +0200: Memory Usage (458604K) : Executing Ant.d_Via1
2026-09-10 14:30:41 +0200: Memory Usage (458604K) : Executing Ant.f_Via1
2026-09-10 14:30:41 +0200: Memory Usage (458604K) : Evaluating cumulative ratio after Via2
2026-09-10 14:30:41 +0200: Memory Usage (458604K) : Executing Ant.d_Via2
2026-09-10 14:30:41 +0200: Memory Usage (458604K) : Executing Ant.f_Via2
2026-09-10 14:30:41 +0200: Memory Usage (458604K) : Evaluating cumulative ratio after Via3
2026-09-10 14:30:41 +0200: Memory Usage (458604K) : Executing Ant.d_Via3
2026-09-10 14:30:41 +0200: Memory Usage (458604K) : Executing Ant.f_Via3
2026-09-10 14:30:41 +0200: Memory Usage (458604K) : Evaluating cumulative ratio after Via4
2026-09-10 14:30:41 +0200: Memory Usage (458604K) : Executing Ant.d_Via4
2026-09-10 14:30:41 +0200: Memory Usage (458604K) : Executing Ant.f_Via4
2026-09-10 14:30:41 +0200: Memory Usage (458604K) : Evaluating cumulative ratio after TopVia1
2026-09-10 14:30:41 +0200: Memory Usage (458604K) : Executing Ant.d_TopVia1
2026-09-10 14:30:41 +0200: Memory Usage (458604K) : Executing Ant.f_TopVia1
2026-09-10 14:30:41 +0200: Memory Usage (458604K) : Evaluating cumulative ratio after TopVia2
2026-09-10 14:30:41 +0200: Memory Usage (458604K) : Executing Ant.d_TopVia2
2026-09-10 14:30:41 +0200: Memory Usage (458604K) : Executing Ant.f_TopVia2
2026-09-10 14:30:41 +0200: Memory Usage (458604K) : Executing rule Ant.g
2026-09-10 14:30:41 +0200: Memory Usage (458604K) : Executing rule Ant.h
2026-09-10 14:30:41 +0200: Memory Usage (458604K) : Executing rule Ant.i
10-Sep-2026 14:30:41 | INFO    | Completed running Antenna checks.
10-Sep-2026 14:30:41 | INFO    | Running IHP-SG13G2 density checks on design /work/runs/ihp-io-physical-20260910-001/geometry/sg13g2_IOPadInOut30mA.gds, topcell: sg13g2_IOPadInOut30mA
2026-09-10 14:30:42 +0200: Memory Usage (437172K) : Starting running IHP-SG13G2 Klayout DRC Density runset on /work/runs/ihp-io-physical-20260910-001/geometry/sg13g2_IOPadInOut30mA.gds
2026-09-10 14:30:42 +0200: Memory Usage (437172K) : Ruby Version for klayout: 3.2.3
2026-09-10 14:30:42 +0200: Memory Usage (440628K) : Loading database to memory is complete.
2026-09-10 14:30:42 +0200: Memory Usage (440628K) : IHP-SG13G2 Klayout DRC Density runset output at: /output/sg13g2_IOPadInOut30mA_sg13g2_IOPadInOut30mA_density.lyrdb
2026-09-10 14:30:42 +0200: Memory Usage (440628K) : Evaluate switches.
2026-09-10 14:30:42 +0200: Memory Usage (440628K) : Configured KLayout worker thread(s): 1.
2026-09-10 14:30:42 +0200: Memory Usage (440628K) : Deep mode enabled: reading layers and preparing general derivations.
2026-09-10 14:30:42 +0200: Memory Usage (440628K) : PreCheck DRC enabled: false
2026-09-10 14:30:42 +0200: Memory Usage (440628K) : Density sanity checks enabled: false
2026-09-10 14:30:42 +0200: Memory Usage (440628K) : Read in polygons from layers.
2026-09-10 14:30:42 +0200: Memory Usage (441908K) : activ_drw has 113 polygons
2026-09-10 14:30:42 +0200: Memory Usage (441908K) : activ_mask has 0 polygons
2026-09-10 14:30:42 +0200: Memory Usage (441908K) : activ_filler has 0 polygons
2026-09-10 14:30:42 +0200: Memory Usage (441908K) : gatpoly_drw has 69 polygons
2026-09-10 14:30:42 +0200: Memory Usage (442036K) : gatpoly_filler has 0 polygons
2026-09-10 14:30:42 +0200: Memory Usage (442036K) : metal1_drw has 393 polygons
2026-09-10 14:30:42 +0200: Memory Usage (442164K) : metal1_filler has 0 polygons
2026-09-10 14:30:42 +0200: Memory Usage (442164K) : metal1_slit has 0 polygons
2026-09-10 14:30:42 +0200: Memory Usage (442420K) : metal2_drw has 113 polygons
2026-09-10 14:30:42 +0200: Memory Usage (442548K) : metal2_filler has 0 polygons
2026-09-10 14:30:42 +0200: Memory Usage (442548K) : metal2_slit has 0 polygons
2026-09-10 14:30:42 +0200: Memory Usage (442548K) : metal3_drw has 27 polygons
2026-09-10 14:30:42 +0200: Memory Usage (442676K) : metal3_filler has 0 polygons
2026-09-10 14:30:42 +0200: Memory Usage (442676K) : metal3_slit has 0 polygons
2026-09-10 14:30:42 +0200: Memory Usage (442676K) : metal4_drw has 8 polygons
2026-09-10 14:30:42 +0200: Memory Usage (442804K) : metal4_filler has 0 polygons
2026-09-10 14:30:42 +0200: Memory Usage (442804K) : metal4_slit has 0 polygons
2026-09-10 14:30:42 +0200: Memory Usage (442804K) : metal5_drw has 8 polygons
2026-09-10 14:30:42 +0200: Memory Usage (442932K) : metal5_filler has 0 polygons
2026-09-10 14:30:42 +0200: Memory Usage (442932K) : metal5_slit has 0 polygons
2026-09-10 14:30:42 +0200: Memory Usage (442932K) : topmetal1_drw has 8 polygons
2026-09-10 14:30:42 +0200: Memory Usage (443060K) : topmetal1_filler has 0 polygons
2026-09-10 14:30:42 +0200: Memory Usage (443060K) : topmetal1_slit has 0 polygons
2026-09-10 14:30:42 +0200: Memory Usage (443060K) : topmetal2_drw has 6 polygons
2026-09-10 14:30:42 +0200: Memory Usage (443188K) : topmetal2_filler has 0 polygons
2026-09-10 14:30:42 +0200: Memory Usage (443188K) : topmetal2_slit has 0 polygons
2026-09-10 14:30:42 +0200: Memory Usage (443188K) : lbe_drw has 0 polygons
2026-09-10 14:30:42 +0200: Memory Usage (443316K) : prboundary_drw has 0 polygons
2026-09-10 14:30:42 +0200: Memory Usage (443316K) : edgeseal_bound has 0 polygons
2026-09-10 14:30:42 +0200: Memory Usage (443316K) : Loaded TECH DRC rules values from /work/upstream/ihp-open-pdk/ihp-sg13g2/libs.tech/klayout/python/sg13g2_pycell_lib/sg13g2_tech_mod.json
2026-09-10 14:30:42 +0200: Memory Usage (443316K) : Loaded default DRC rules values from /work/upstream/ihp-open-pdk/ihp-sg13g2/libs.tech/klayout/tech/drc/rule_decks/sg13g2_tech_default.json
2026-09-10 14:30:42 +0200: Memory Usage (443316K) : The following rules values were missing in tech json and default values were used:
2026-09-10 14:30:42 +0200: Memory Usage (443316K) :   - NW_f1_digibnd
2026-09-10 14:30:42 +0200: Memory Usage (443316K) :   - Cnt_c_digibnd
2026-09-10 14:30:42 +0200: Memory Usage (443316K) :   - Cnt_c_sram
2026-09-10 14:30:42 +0200: Memory Usage (443316K) :   - Sdiod_b
2026-09-10 14:30:42 +0200: Memory Usage (443316K) :   - Sdiod_c
2026-09-10 14:30:42 +0200: Memory Usage (444604K) : Density sanity markers are disabled (set -rd density_sanity=true to enable).
2026-09-10 14:30:42 +0200: Memory Usage (444604K) : No prBoundary found. Using layout extent for chip area: 14673.5688 um^2.
2026-09-10 14:30:42 +0200: Memory Usage (444604K) : Using bbox (-0.62,0;80.62,180.62) for density window origin.
2026-09-10 14:30:42 +0200: Memory Usage (444732K) : Total area of the design is 14673.5688 um^2.
2026-09-10 14:30:42 +0200: Memory Usage (444732K) : Starting density IHP-SG13G2 derivations.
2026-09-10 14:30:42 +0200: Memory Usage (445500K) : Starting IHP-SG13G2 DENSITY DRC rules.
2026-09-10 14:30:42 +0200: Memory Usage (445500K) : Computing activ area and density...
2026-09-10 14:30:42 +0200: Memory Usage (445884K) : Executing rule AFil.g
2026-09-10 14:30:42 +0200: Memory Usage (445884K) : Executing rule AFil.g1
2026-09-10 14:30:42 +0200: Memory Usage (445884K) : Executing rule AFil.g2
2026-09-10 14:30:42 +0200: Memory Usage (447232K) : Executing rule AFil.g3
2026-09-10 14:30:42 +0200: Memory Usage (447488K) : Computing poly area and density...
2026-09-10 14:30:42 +0200: Memory Usage (447488K) : Executing rule GFil.g
2026-09-10 14:30:42 +0200: Memory Usage (447488K) : Computing metal1 area and density...
2026-09-10 14:30:42 +0200: Memory Usage (447744K) : Executing rule M1.j
2026-09-10 14:30:42 +0200: Memory Usage (447744K) : Executing rule M1.k
2026-09-10 14:30:42 +0200: Memory Usage (447744K) : Computing metal2 area and density...
2026-09-10 14:30:42 +0200: Memory Usage (447872K) : Computing metal3 area and density...
2026-09-10 14:30:42 +0200: Memory Usage (447872K) : Computing metal4 area and density...
2026-09-10 14:30:42 +0200: Memory Usage (448000K) : Computing metal5 area and density...
2026-09-10 14:30:42 +0200: Memory Usage (448000K) : Executing rule M2.j
2026-09-10 14:30:42 +0200: Memory Usage (448000K) : Executing rule M2.k
2026-09-10 14:30:42 +0200: Memory Usage (448000K) : Executing rule M3.j
2026-09-10 14:30:42 +0200: Memory Usage (448000K) : Executing rule M3.k
2026-09-10 14:30:42 +0200: Memory Usage (448000K) : Executing rule M4.j
2026-09-10 14:30:42 +0200: Memory Usage (448000K) : Executing rule M4.k
2026-09-10 14:30:42 +0200: Memory Usage (448000K) : Executing rule M5.j
2026-09-10 14:30:42 +0200: Memory Usage (448000K) : Executing rule M5.k
2026-09-10 14:30:42 +0200: Memory Usage (448000K) : Executing rule M1Fil.h
2026-09-10 14:30:42 +0200: Memory Usage (448128K) : Executing rule M1Fil.k
2026-09-10 14:30:42 +0200: Memory Usage (448256K) : Executing rule M2Fil.h
2026-09-10 14:30:42 +0200: Memory Usage (448384K) : Executing rule M2Fil.k
2026-09-10 14:30:42 +0200: Memory Usage (448512K) : Executing rule M3Fil.h
2026-09-10 14:30:42 +0200: Memory Usage (448640K) : Executing rule M3Fil.k
2026-09-10 14:30:42 +0200: Memory Usage (448768K) : Executing rule M4Fil.h
2026-09-10 14:30:42 +0200: Memory Usage (448896K) : Executing rule M4Fil.k
2026-09-10 14:30:42 +0200: Memory Usage (449024K) : Executing rule M5Fil.h
2026-09-10 14:30:42 +0200: Memory Usage (449152K) : Executing rule M5Fil.k
2026-09-10 14:30:42 +0200: Memory Usage (449280K) : Computing TopMetal1 area and density...
2026-09-10 14:30:42 +0200: Memory Usage (449280K) : Executing rule TM1.c
2026-09-10 14:30:42 +0200: Memory Usage (449280K) : Executing rule TM1.d
2026-09-10 14:30:42 +0200: Memory Usage (449280K) : Computing TopMetal2 area and density...
2026-09-10 14:30:42 +0200: Memory Usage (449408K) : Executing rule TM2.c
2026-09-10 14:30:42 +0200: Memory Usage (449408K) : Executing rule TM2.d
2026-09-10 14:30:42 +0200: Memory Usage (449408K) : Computing LBE area and density...
2026-09-10 14:30:42 +0200: Memory Usage (449408K) : Executing rule LBE.i
2026-09-10 14:30:42 +0200: Memory Usage (449408K) : Executing rule Slt.i_M1
2026-09-10 14:30:42 +0200: Memory Usage (449920K) : Executing rule Slt.i_M2
2026-09-10 14:30:42 +0200: Memory Usage (450176K) : Executing rule Slt.i_M3
2026-09-10 14:30:42 +0200: Memory Usage (450432K) : Executing rule Slt.i_M4
2026-09-10 14:30:42 +0200: Memory Usage (450688K) : Executing rule Slt.i_M5
2026-09-10 14:30:42 +0200: Memory Usage (450944K) : Executing rule Slt.i_TM1
2026-09-10 14:30:42 +0200: Memory Usage (451328K) : Executing rule Slt.i_TM2
2026-09-10 14:30:42 +0200: Memory Usage (451584K) : ##################################################
2026-09-10 14:30:42 +0200: Memory Usage (451584K) :                  Density Report                 #
2026-09-10 14:30:42 +0200: Memory Usage (451584K) : ##################################################
2026-09-10 14:30:42 +0200: Memory Usage (451584K) : 
2026-09-10 14:30:42 +0200: Memory Usage (451584K) : Layer areas and percentages (units: um^2)
2026-09-10 14:30:42 +0200: Memory Usage (451584K) : --------------------------------------------------
2026-09-10 14:30:42 +0200: Memory Usage (451584K) : 
2026-09-10 14:30:42 +0200: Memory Usage (451584K) : Total Area     = 14673.57 um^2
2026-09-10 14:30:42 +0200: Memory Usage (451584K) : 
2026-09-10 14:30:42 +0200: Memory Usage (451584K) : Activ      Area      = 6550.16 µm²
2026-09-10 14:30:42 +0200: Memory Usage (451584K) : Activ      Density % = 44.64%  [Min = 35.00%,  Max = 55.00%]
2026-09-10 14:30:42 +0200: Memory Usage (451584K) : 
2026-09-10 14:30:42 +0200: Memory Usage (451584K) : GatPoly    Area      = 218.12 µm²
2026-09-10 14:30:42 +0200: Memory Usage (451584K) : GatPoly    Density % =  1.49%  [Min = 15.00%]
2026-09-10 14:30:42 +0200: Memory Usage (451584K) : 
2026-09-10 14:30:42 +0200: Memory Usage (451584K) : Metal1     Area      = 6276.31 µm²
2026-09-10 14:30:42 +0200: Memory Usage (451584K) : Metal1     Density % = 42.77%  [Min = 35.00%,  Max = 60.00%]
2026-09-10 14:30:42 +0200: Memory Usage (451584K) : 
2026-09-10 14:30:42 +0200: Memory Usage (451584K) : Metal2     Area      = 1054.50 µm²
2026-09-10 14:30:42 +0200: Memory Usage (451584K) : Metal2     Density % =  7.19%  [Min = 35.00%,  Max = 60.00%]
2026-09-10 14:30:42 +0200: Memory Usage (451584K) : 
2026-09-10 14:30:42 +0200: Memory Usage (451584K) : Metal3     Area      = 11893.40 µm²
2026-09-10 14:30:42 +0200: Memory Usage (451584K) : Metal3     Density % = 81.05%  [Min = 35.00%,  Max = 60.00%]
2026-09-10 14:30:42 +0200: Memory Usage (451584K) : 
2026-09-10 14:30:42 +0200: Memory Usage (451584K) : Metal4     Area      = 11872.40 µm²
2026-09-10 14:30:42 +0200: Memory Usage (451584K) : Metal4     Density % = 80.91%  [Min = 35.00%,  Max = 60.00%]
2026-09-10 14:30:42 +0200: Memory Usage (451584K) : 
2026-09-10 14:30:42 +0200: Memory Usage (451584K) : Metal5     Area      = 11890.00 µm²
2026-09-10 14:30:42 +0200: Memory Usage (451584K) : Metal5     Density % = 81.03%  [Min = 35.00%,  Max = 60.00%]
2026-09-10 14:30:42 +0200: Memory Usage (451584K) : 
2026-09-10 14:30:42 +0200: Memory Usage (451584K) : TopMetal1  Area      = 11890.00 µm²
2026-09-10 14:30:42 +0200: Memory Usage (451584K) : TopMetal1  Density % = 81.03%  [Min = 25.00%,  Max = 70.00%]
2026-09-10 14:30:42 +0200: Memory Usage (451584K) : 
2026-09-10 14:30:42 +0200: Memory Usage (451584K) : TopMetal2  Area      = 7810.00 µm²
2026-09-10 14:30:42 +0200: Memory Usage (451584K) : TopMetal2  Density % = 53.22%  [Min = 25.00%,  Max = 70.00%]
2026-09-10 14:30:42 +0200: Memory Usage (451584K) : 
2026-09-10 14:30:42 +0200: Memory Usage (451584K) : LBE        Area      =  0.00 µm²
2026-09-10 14:30:42 +0200: Memory Usage (451584K) : LBE        Density % =  0.00%  [Max = 20.00%]
2026-09-10 14:30:42 +0200: Memory Usage (451584K) : 
2026-09-10 14:30:42 +0200: Memory Usage (451584K) : KLayout DRC run for density table completed in 0.12 seconds
10-Sep-2026 14:30:42 | INFO    | Completed running Density checks.
10-Sep-2026 14:30:42 | INFO    | Running IHP-SG13G2 sg13g2_maximal checks on design /work/runs/ihp-io-physical-20260910-001/geometry/sg13g2_IOPadInOut30mA.gds, topcell: sg13g2_IOPadInOut30mA
2026-09-10 14:30:44 +0200: Memory Usage (438328K) : Starting running IHP-SG13G2 Klayout DRC maximum runset on /work/runs/ihp-io-physical-20260910-001/geometry/sg13g2_IOPadInOut30mA.gds
2026-09-10 14:30:44 +0200: Memory Usage (438328K) : Ruby Version for klayout: 3.2.3
2026-09-10 14:30:44 +0200: Memory Usage (441088K) : Loading database to memory is complete.
2026-09-10 14:30:44 +0200: Memory Usage (441088K) : IHP-SG13G2 Klayout DRC maximum runset output at: /output/sg13g2_IOPadInOut30mA_sg13g2_IOPadInOut30mA_sg13g2_maximal.lyrdb
2026-09-10 14:30:44 +0200: Memory Usage (441216K) : Evaluate switches.
2026-09-10 14:30:44 +0200: Memory Usage (441216K) : Klayout will use 1 thread(s)
2026-09-10 14:30:44 +0200: Memory Usage (441216K) : deep mode is enabled for sg13g2_maximal runset.
Rule NW.a: 0 error(s)
Rule NW.c: 0 error(s)
Rule NW.c1: 0 error(s)
Rule NW.d: 0 error(s)
Rule NW.d1: 0 error(s)
Rule NW.e: 0 error(s)
Rule NW.e1: 0 error(s)
Rule NW.f: 0 error(s)
Rule PWB.a: 0 error(s)
Rule PWB.b: 0 error(s)
Rule PWB.c: 0 error(s)
Rule NBL.a: 0 error(s)
Rule NBLB.a: 0 error(s)
Rule NBLB.b: 0 error(s)
Rule NBLB.c: 0 error(s)
Rule NBLB.d: 0 error(s)
Rule Act.c: 0 error(s)
Rule Act.d: 0 error(s)
Rule Act.e: 0 error(s)
Rule AFil.a: 0 error(s)
Rule AFil.a1: 0 error(s)
Rule AFil.b: 0 error(s)
Rule AFil.i: 0 error(s)
Rule TGO.a: 0 error(s)
Rule TGO.b: 0 error(s)
Rule TGO.c: 0 error(s)
Rule TGO.d: 0 error(s)
Rule TGO.e: 0 error(s)
Rule Gat.a3: 0 error(s)
Rule Gat.a4: 0 error(s)
Rule Gat.b1: 0 error(s)
Rule Gat.c: 0 error(s)
Rule Gat.c: 0 error(s)
Rule Gat.e: 0 error(s)
Rule Gat.f: 0 error(s)
Rule GFil.a: 0 error(s)
Rule GFil.b: 0 error(s)
Rule GFil.c: 0 error(s)
Rule GFil.f: 0 error(s)
Rule GFil.j: 0 error(s)
Rule pSD.a: 0 error(s)
Rule pSD.b: 0 error(s)
Rule pSD.c: 0 error(s)
Rule pSD.d: 0 error(s)
Rule pSD.d1: 0 error(s)
Rule pSD.e: 0 error(s)
Rule pSD.f: 0 error(s)
Rule pSD.g: 0 error(s)
Rule pSD.g: 0 error(s)
Rule pSD.i: 0 error(s)
Rule pSD.i1: 0 error(s)
Rule pSD.j: 0 error(s)
Rule pSD.j1: 0 error(s)
Rule pSD.k: 0 error(s)
Rule pSD.l: 0 error(s)
Rule pSD.m: 0 error(s)
Rule pSD.n: 0 error(s)
Rule nSDB.a: 0 error(s)
Rule nSDB.b: 0 error(s)
Rule nSDB.c: 0 error(s)
Rule nSDB.e: 0 error(s)
Rule EXTB.a: 0 error(s)
Rule EXTB.b: 0 error(s)
Rule EXTB.c: 0 error(s)
Rule Sal.a: 0 error(s)
Rule Sal.b: 0 error(s)
Rule Sal.c: 0 error(s)
Rule Sal.c: 0 error(s)
Rule Sal.d: 0 error(s)
Rule Sal.d: 0 error(s)
Rule Sal.e: 0 error(s)
Rule Cnt.b1: 0 error(s)
Rule Cnt.f: 0 error(s)
Rule Cnt.g: 0 error(s)
Rule Cnt.h: 0 error(s)
Rule Cnt.j: 0 error(s)
Rule CntB.a: 0 error(s)
Rule CntB.a: 0 error(s)
Rule CntB.a1: 0 error(s)
Rule CntB.b: 0 error(s)
Rule CntB.b2: 0 error(s)
Rule CntB.c: 0 error(s)
Rule CntB.d: 0 error(s)
Rule CntB.e: 0 error(s)
Rule CntB.f: 0 error(s)
Rule CntB.g: 0 error(s)
Rule CntB.g1: 0 error(s)
Rule CntB.g2: 0 error(s)
Rule CntB.h: 0 error(s)
Rule CntB.j: 0 error(s)
Rule M1.c: 0 error(s)
Rule M1.c1: 0 error(s)
Rule M1.d: 0 error(s)
Rule M2.c: 0 error(s)
Rule M2.c1: 0 error(s)
Rule M2.d: 0 error(s)
Rule M3.c: 0 error(s)
Rule M3.c1: 0 error(s)
Rule M3.d: 0 error(s)
Rule M4.c: 0 error(s)
Rule M4.c1: 0 error(s)
Rule M4.d: 0 error(s)
Rule M5.c: 0 error(s)
Rule M5.c1: 0 error(s)
Rule M5.d: 0 error(s)
Rule M1Fil.a1: 0 error(s)
Rule M1Fil.b: 0 error(s)
Rule M1Fil.d: 0 error(s)
Rule M2Fil.a1: 0 error(s)
Rule M2Fil.b: 0 error(s)
Rule M2Fil.d: 0 error(s)
Rule M3Fil.a1: 0 error(s)
Rule M3Fil.b: 0 error(s)
Rule M3Fil.d: 0 error(s)
Rule M4Fil.a1: 0 error(s)
Rule M4Fil.b: 0 error(s)
Rule M4Fil.d: 0 error(s)
Rule M5Fil.a1: 0 error(s)
Rule M5Fil.b: 0 error(s)
Rule M5Fil.d: 0 error(s)
Rule V1.b1: 0 error(s)
Rule V1.c1: 0 error(s)
Rule V2.b1: 0 error(s)
Rule V2.c1: 0 error(s)
Rule V3.b1: 0 error(s)
Rule V3.c1: 0 error(s)
Rule V4.b1: 0 error(s)
Rule V4.c1: 0 error(s)
Rule TM1Fil.a: 0 error(s)
Rule TM1Fil.b: 0 error(s)
Rule TM1Fil.d: 0 error(s)
Rule TM2Fil.a: 0 error(s)
Rule TM2Fil.b: 0 error(s)
Rule TM2Fil.d: 0 error(s)
Rule npnG2.b: 0 error(s)
Rule npnG2.c: 0 error(s)
Rule npnG2.d.N_Activ: 0 error(s)
Rule npnG2.d.NWell: 0 error(s)
Rule npnG2.d.PWell_block: 0 error(s)
Rule npnG2.d.nBuLay: 0 error(s)
Rule npnG2.d.nSD_block: 0 error(s)
Rule npnG2.d1: 0 error(s)
Rule npnG2.d2: 0 error(s)
Rule npnG2.e: 0 error(s)
Rule npn13G2.a: 0 error(s)
Rule npn13G2L.a: 0 error(s)
Rule npn13G2L.b: 0 error(s)
Rule npn13G2V.a: 0 error(s)
Rule npn13G2V.b: 0 error(s)
Rule Rsil.a: 0 error(s)
Rule Rsil.b: 0 error(s)
Rule Rsil.c: 0 error(s)
Rule Rsil.d: 0 error(s)
Rule Rsil.e: 0 error(s)
Rule Rsil.f: 0 error(s)
Rule Rppd.a: 0 error(s)
Rule Rppd.b: 0 error(s)
Rule Rppd.c: 0 error(s)
Rule Rppd.c: 0 error(s)
Rule Rppd.d: 0 error(s)
Rule Rppd.e: 0 error(s)
Rule Rhi.a: 0 error(s)
Rule Rhi.b: 0 error(s)
Rule Rhi.c: 0 error(s)
Rule Rhi.d: 0 error(s)
Rule Rhi.d: 0 error(s)
Rule Rhi.e: 0 error(s)
Rule Rhi.f: 0 error(s)
Rule nmosi.b: 0 error(s)
Rule nmosi.c: 0 error(s)
Rule nmosi.d: 0 error(s)
Rule nmosi.f: 0 error(s)
Rule nmosi.g: 0 error(s)
Rule Sdiod.a: 0 error(s)
Rule Pad.aR: 0 error(s)
Rule Pad.a1: 0 error(s)
Rule Pad.bR: 0 error(s)
Rule Pad.d: 0 error(s)
Rule Pad.dR: 0 error(s)
Rule Pad.d1R: 0 error(s)
Rule Pad.gR: 0 error(s)
Rule Pad.jR: 0 error(s)
Rule Pad.jR: 0 error(s)
Rule Pad.kR: 0 error(s)
Rule Padc.d: 0 error(s)
Rule Seal.a_Activ: 0 error(s)
Rule Seal.a_pSD: 0 error(s)
Rule Seal.a_Metal1: 0 error(s)
Rule Seal.a_Metal2: 0 error(s)
Rule Seal.a_Metal3: 0 error(s)
Rule Seal.a_Metal4: 0 error(s)
Rule Seal.a_Metal5: 0 error(s)
Rule Seal.a_TopMetal1: 0 error(s)
Rule Seal.a_TopMetal2: 0 error(s)
Rule Seal.c: 0 error(s)
Rule Seal.c: 0 error(s)
Rule Seal.c1.Via1: 0 error(s)
Rule Seal.c1.Via1: 0 error(s)
Rule Seal.c1.Via2: 0 error(s)
Rule Seal.c1.Via2: 0 error(s)
Rule Seal.c1.Via3: 0 error(s)
Rule Seal.c1.Via3: 0 error(s)
Rule Seal.c1.Via4: 0 error(s)
Rule Seal.c1.Via4: 0 error(s)
Rule Seal.c2: 0 error(s)
Rule Seal.c2: 0 error(s)
Rule Seal.c3: 0 error(s)
Rule Seal.c3: 0 error(s)
Rule Seal.d.Cont: 0 error(s)
Rule Seal.d.Via1: 0 error(s)
Rule Seal.d.Via2: 0 error(s)
Rule Seal.d.Via3: 0 error(s)
Rule Seal.d.Via4: 0 error(s)
Rule Seal.d.TopVia1: 0 error(s)
Rule Seal.d.TopVia2: 0 error(s)
Rule Seal.e: 0 error(s)
Rule Seal.f.Activ: 0 error(s)
Rule Seal.f.pSD: 0 error(s)
Rule Seal.f.Metal1: 0 error(s)
Rule Seal.f.Metal2: 0 error(s)
Rule Seal.f.Metal3: 0 error(s)
Rule Seal.f.Metal4: 0 error(s)
Rule Seal.f.Metal5: 0 error(s)
Rule Seal.f.TopMetal1: 0 error(s)
Rule Seal.f.TopMetal2: 0 error(s)
Rule MIM.a: 0 error(s)
Rule MIM.b: 0 error(s)
Rule MIM.e: 0 error(s)
Rule MIM.f: 0 error(s)
Rule MIM.g: 0 error(s)
Rule MIM.h: 0 error(s)
Rule LU.a: 0 error(s)
Rule LU.c: 0 error(s)
Rule LU.c1: 0 error(s)
Rule LU.d: 0 error(s)
Rule LU.d1: 0 error(s)
Rule Slt.a.M1: 0 error(s)
Rule Slt.b.M1: 0 error(s)
Rule Slt.c.M1: 0 error(s)
Rule Slt.e.M1: 0 error(s)
Rule Slt.f.M1: 0 error(s)
Rule Slt.h1: 0 error(s)
Rule Slt.h1: 0 error(s)
Rule Slt.a.M2: 0 error(s)
Rule Slt.b.M2: 0 error(s)
Rule Slt.c.M2: 0 error(s)
Rule Slt.e.M2: 0 error(s)
Rule Slt.f.M2: 0 error(s)
Rule Slt.h2.M2: 0 error(s)
Rule Slt.h2.M2: 0 error(s)
Rule Slt.a.M3: 0 error(s)
Rule Slt.b.M3: 0 error(s)
Rule Slt.c.M3: 0 error(s)
Rule Slt.e.M3: 0 error(s)
Rule Slt.f.M3: 0 error(s)
Rule Slt.h2.M3: 0 error(s)
Rule Slt.h2.M3: 0 error(s)
Rule Slt.a.M4: 0 error(s)
Rule Slt.b.M4: 0 error(s)
Rule Slt.c.M4: 0 error(s)
Rule Slt.e.M4: 0 error(s)
Rule Slt.f.M4: 0 error(s)
Rule Slt.h2.M4: 0 error(s)
Rule Slt.h2.M4: 0 error(s)
Rule Slt.a.M5: 0 error(s)
Rule Slt.b.M5: 0 error(s)
Rule Slt.c.M5: 0 error(s)
Rule Slt.e.M5: 0 error(s)
Rule Slt.f.M5: 0 error(s)
Rule Slt.g.M5: 0 error(s)
Rule Slt.h2.M5: 0 error(s)
Rule Slt.h2.M5: 0 error(s)
Rule Slt.a.TM1: 0 error(s)
Rule Slt.b.TM1: 0 error(s)
Rule Slt.c.TM1: 0 error(s)
Rule Slt.e.TM1: 0 error(s)
Rule Slt.f.TM1: 0 error(s)
Rule Slt.g.TM1: 0 error(s)
Rule Slt.h3: 0 error(s)
Rule Slt.a.TM2: 0 error(s)
Rule Slt.b.TM2: 0 error(s)
Rule Slt.c.TM2: 0 error(s)
Rule Slt.e.TM2: 0 error(s)
Rule Slt.f.TM2: 0 error(s)
Rule Slt.h4: 0 error(s)
Rule NW.c1.dig: 0 error(s)
Rule NW.d1.dig: 0 error(s)
Rule NW.e1.dig: 0 error(s)
Rule LBE.b2: 0 error(s)
Rule LBE.e.dfPad: 0 error(s)
Rule LBE.e.Passiv: 0 error(s)
Rule LBE.f: 0 error(s)
Number of DRC errors for maximum rule set: 0
2026-09-10 14:30:53 +0200: Memory Usage (525360K) : KLayout DRC run for maximum ruleSet completed in 8.82 seconds
10-Sep-2026 14:30:53 | INFO    | Completed running Sg13g2_maximal checks.
10-Sep-2026 14:30:53 | ERROR   | ==================================================================================
10-Sep-2026 14:30:53 | ERROR   | ❌ --- KLayout DRC Check Failed: Violations were detected in the layout. --- ❌
10-Sep-2026 14:30:53 | ERROR   | ==================================================================================
10-Sep-2026 14:30:53 | ERROR   | Violated rules are : {'M2.j', 'GFil.g', 'M5.k', 'M3.k', 'TM1.d', 'M4.k'}

10-Sep-2026 14:30:53 | INFO    | Total DRC Run time: 23.58 seconds (including execution, analysis, and reporting)
